genome_id	amp_method	sample_type	sort_type	well_number	sample_number	source	group_col	qual_5S	qual_16S	qual_23S	qual_taxonomy	qual_kingdom	qual_phylum	qual_class	qual_order	qual_family	qual_genus	qual_species	qual_quality	input_fastq_read_count	subsampled_fastq_read_count	qual_completeness	qual_contamination	qual_trna_cnt	total_reads_removed	total_reads_removed_pct	normalized_fastq_read_rmv	normalized_fastq_read_pct	total_read_count	total_reads_pct	contigs_n_contigs	contigs_scaf_bp	contigs_contig_bp	contig_gc_median	contigs_ctg_N50	contigs_ctg_L50	contigs_scaf_N90	contigs_ctg_N90	contigs_ctg_L90	contigs_ctg_max	contigs_scaf_n_gt50K	contigs_scaf_l_gt50k	contigs_scaf_pct_gt50K	contigs_gc_avg	contigs_gc_std	contigs_coverage_x	scaffolds_trim_n_contigs	contigs_trim_n_contigs	contigs_trim_scaf_bp	contigs_trim_contig_bp	contigs_trim_scaf_N50	contigs_trim_scaf_L50	contigs_trim_ctg_N50	contigs_trim_ctg_L50	contigs_trim_scaf_N90	contigs_trim_scaf_L90	contigs_trim_ctg_N90	contigs_trim_ctg_L90	contigs_trim_ctg_max	contigs_trim_scaf_n_gt50K	contigs_trim_scaf_l_gt50k	contigs_trim_gc_avg	Q__contigs_0_bp	Q__contigs_1000_bp	Q__contigs_10000_bp	Q__contigs_50000_bp	Q__Total_length_0_bp	Q__Total_length_1000_bp	Q__Total_length_50000_bp	Q__contigs	Q__Largest_contig	Q__Total_length	Q__Reference_length	Q__GC	Q__misassembled_contigs	Q__Misassembled_contigs_length	Q__Unaligned_length	Q__Genome_fraction	Q__Duplication_ratio	Q__N_s_per_100_kbp	Q__mismatches_per_100_kbp	Q__indels_per_100_kbp	Q__Largest_alignment	Q__Total_aligned_length	interleaved_read_count
scBac_PTA_Bsubtilis_sc_plate2well5A_S66	PTA	Bsubtilis	sc	well5A	S66	isolate	isolate__PTA__Bsubtilis__sc	Yes	No	No	k__Bacteria;p__Firmicutes;c__Bacilli;o__Bacillales;f__Bacillaceae;g__Bacillus;s__Bacillus_subtilis;unresolved	Bacteria	Firmicutes	Bacilli	Bacillales	Bacillaceae	Bacillus	Bacillus_subtilis	Medium	1e+06	973688	97.97	0.38	20	26312	0.026312	26312	0.026312	973688	0.973688	561	4305139	4305139	44.035	16	76397	62	62	15536	252790	30	3060477	71.089	0.43507	0.06975	30.9479828642002	94	92	4068399	4068399	15	77675	15	77675	51	21004	51	21004	252390	30	3048477	0.43385	555	108	67	29	4305226	4139906	3067397	173	252790	4182892	4214385	43.42	16	499915	33296	98.263	1.001	3.59	7.55	11.61	252790	4144712	4855768
scBac_PTA_Bsubtilis_sc_plate2well5B_S67	PTA	Bsubtilis	sc	well5B	S67	isolate	isolate__PTA__Bsubtilis__sc	Yes	No	No	k__Bacteria;p__Firmicutes;c__Bacilli;o__Bacillales;f__Bacillaceae;g__Bacillus;s__Bacillus_subtilis;unresolved	Bacteria	Firmicutes	Bacilli	Bacillales	Bacillaceae	Bacillus	Bacillus_subtilis	Medium	1e+06	932502	95.94	0.15	22	67498	0.067498	67498	0.0674979999999999	932502	0.932501999999999	515	4188077	4188077	43.3949999999999	12	91087	67	67	9008	427708	21	2782018	66.427	0.4333	0.0817	30.0463702076155	116	110	3939072	3939072	11	91048	11	91048	49	15645	49	15645	427308	21	2773618	0.4336	509	153	61	21	4188227	4055759	2783293	219	427708	4101910	4214385	43.37	16	743915	45756	96.038	1.001	3.66	5.16	12	417749	4049848	4237698
scBac_PTA_Bsubtilis_sc_plate2well5D_S68	PTA	Bsubtilis	sc	well5D	S68	isolate	isolate__PTA__Bsubtilis__sc	No	No	No	k__Bacteria;p__Firmicutes;c__Bacilli;o__Bacillales;f__Bacillaceae;g__Bacillus;s__Bacillus_subtilis;unresolved	Bacteria	Firmicutes	Bacilli	Bacillales	Bacillaceae	Bacillus	Bacillus_subtilis	Medium	1e+06	975562	97.28	0.32	22	24438	0.024438	24438	0.0244379999999999	975562	0.975562	238	4186434	4186434	42.87	9	145687	43	43	15602	317039	21	3163518	75.566	0.4338	0.06515	31.3248793603338	85	83	4052990	4052990	9	145287	9	145287	37	21370	37	21370	316639	21	3155118	0.4344	228	107	57	21	4186534	4135459	3177450	140	318083	4158019	4214385	43.4	8	640907	12674	98.169	1.001	2.4	10.92	11.91	317039	4140201	8167034
scBac_PTA_Bsubtilis_sc_plate2well5G_S69	PTA	Bsubtilis	sc	well5G	S69	isolate	isolate__PTA__Bsubtilis__sc	No	Yes	Yes	k__Bacteria;p__Firmicutes;c__Bacilli;o__Bacillales;f__Bacillaceae;g__Bacillus;s__Bacillus_subtilis;unresolved	Bacteria	Firmicutes	Bacilli	Bacillales	Bacillaceae	Bacillus	Bacillus_subtilis	Medium	1e+06	849648	92.69	0.5	22	150352	0.150352	150352	0.150352	849648	0.849648	699	4251724	4251724	43.76	27	38854	134	134	4833	233978	17	1710515	40.231	0.43313	0.06643	27.0086769508086	170	167	3876700	3876700	23	42183	23	42183	92	10710	92	10710	233578	17	1703715	0.43453	690	235	96	16	4251841	4060018	1723607	355	239667	4144901	4214385	43.38	45	236705	65390	95.966	1.006	4.34	12.26	13.07	239638	4069658	5046662
scBac_PTA_Ecoli_sc_plate2well4A_S62	PTA	Ecoli	sc	well4A	S62	isolate	isolate__PTA__Ecoli__sc	No	Yes	Yes	k__Bacteria;p__Proteobacteria;c__Gammaproteobacteria;o__Enterobacteriales;f__Enterobacteriaceae;g__Escherichia;s__Escherichia_coli	Bacteria	Proteobacteria	Gammaproteobacteria	Enterobacteriales	Enterobacteriaceae	Escherichia	Escherichia_coli	Medium	1e+06	952914	95.58	2.09	23	47086	0.047086	47086	0.0470859999999999	952914	0.952914	4926	7198563	7198563	51.5599999999999	87	15700	2528	2528	377	162988	22	1808049	25.117	0.52735	0.08741	18.1213289374559	303	289	4813476	4813476	37	35925	37	35925	160	7063	160	7063	162588	22	1799249	0.50866	4878	644	126	24	7199325	5468642	1988318	1576	162988	6089515	4636831	52.14	17	150632	1581198	96.972	1.001	19.54	4.58	1.89	162968	4499577	4340942
scBac_PTA_Ecoli_sc_plate2well4B_S63	PTA	Ecoli	sc	well4B	S63	isolate	isolate__PTA__Ecoli__sc	No	No	Yes	k__Bacteria;p__Proteobacteria;c__Gammaproteobacteria;o__Enterobacteriales;f__Enterobacteriaceae;g__Escherichia;s__Escherichia_coli	Bacteria	Proteobacteria	Gammaproteobacteria	Enterobacteriales	Enterobacteriaceae	Escherichia	Escherichia_coli	Medium	1e+06	879954	91.21	0.05	22	120046	0.120046	120046	0.120045999999999	879954	0.879954	832	4543853	4543853	50.7499999999999	41	33931	196	196	3086	176202	17	1324297	29.145	0.50416	0.08228	26.1516197817138	232	221	4069678	4069678	34	39116	34	39116	126	7997	126	7997	175802	17	1317497	0.50481	813	323	107	18	4544817	4331712	1473753	468	176202	4432825	4636831	50.52	56	278484	66339	93.72	1.002	20.75	9.96	2.62	176202	4355459	4685244
scBac_PTA_Ecoli_sc_plate2well4D_S64	PTA	Ecoli	sc	well4D	S64	isolate	isolate__PTA__Ecoli__sc	No	No	Yes	k__Bacteria;p__Proteobacteria;c__Gammaproteobacteria;o__Enterobacteriales;f__Enterobacteriaceae;g__Escherichia;s__Escherichia_coli	Bacteria	Proteobacteria	Gammaproteobacteria	Enterobacteriales	Enterobacteriaceae	Escherichia	Escherichia_coli	Medium	1e+06	979974	97.87	0.11	22	20026	0.020026	20026	0.0200259999999999	979974	0.979974	328	4593450	4593450	51.01	24	50068	88	88	14168	263790	24	2329248	50.708	0.50638	0.09068	29.1819947969391	146	135	4414660	4414660	22	52031	22	52031	80	18270	80	18270	263390	23	2269980	0.50675	307	158	92	27	4594025	4531965	2589206	197	263790	4558183	4636831	50.69	12	288065	17936	97.74	1.001	22.38	3.62	1.92	263790	4535608	4087606
scBac_PTA_Ecoli_sc_plate2well4E_S65	PTA	Ecoli	sc	well4E	S65	isolate	isolate__PTA__Ecoli__sc	No	No	Yes	k__Bacteria;p__Proteobacteria;c__Gammaproteobacteria;o__Enterobacteriales;f__Enterobacteriaceae;g__Escherichia;s__Escherichia_coli	Bacteria	Proteobacteria	Gammaproteobacteria	Enterobacteriales	Enterobacteriaceae	Escherichia	Escherichia_coli	Medium	1e+06	917138	92.55	0.07	22	82862	0.082862	82862	0.0828619999999999	917138	0.917138	690	4563054	4563054	50.93	36	32402	148	148	5341	176024	18	1540833	33.768	0.50513	0.08253	27.3120905428688	198	189	4191139	4191139	31	37402	31	37402	110	10126	110	10126	175624	18	1533633	0.50609	675	255	110	20	4563460	4388898	1713105	367	185672	4465319	4636831	50.6	36	258968	47392	94.923	1.002	15.45	6.24	2.38	185494	4408364	4544590
scBac_PTA_EnviBac_10cells_plate3well2A_S1	PTA	EnviBac	10cells	well2A	S1	environmental	environmental__PTA__EnviBac__10cells	Yes	Yes	Yes	k__Bacteria;p__Bacteroidetes;c__Sphingobacteriia;o__Sphingobacteriales;f__Saprospiraceae;g__Lewinella	Bacteria	Bacteroidetes	Sphingobacteriia	Sphingobacteriales	Saprospiraceae	Lewinella	-	Low	1e+06	959362	96.55	142.92	23	40638	0.040638	40638	0.0406379999999999	959362	0.959362	6027	9604145	9604145	39.95	281	6755	3094	3094	457	111246	10	699442	7.283	0.4025	0.09735	13.6155786902425	725	715	6218107	6218107	116	13446	116	13446	475	3394	475	3394	110846	9	645731	0.38928	NA	NA	NA	NA	NA	NA	NA	NA	NA	NA	NA	NA	NA	NA	NA	NA	NA	NA	NA	NA	NA	NA	9804620
scBac_PTA_EnviBac_10cells_plate3well2B_S2	PTA	EnviBac	10cells	well2B	S2	environmental	environmental__PTA__EnviBac__10cells	Yes	Yes	Yes	k__Bacteria;p__Bacteroidetes;c__Flavobacteriia;o__Flavobacteriales;f__Flavobacteriaceae;unresolved	Bacteria	Bacteroidetes	Flavobacteriia	Flavobacteriales	Flavobacteriaceae	-	-	Low	1e+06	964198	93.97	152.37	24	35802	0.035802	35802	0.035802	964198	0.964198	6999	10730342	10730342	46.08	355	6507	3690	3690	448	75025	8	504757	4.704	0.44462	0.10922	12.3530213668865	829	801	6767456	6767456	145	12600	145	12600	541	3509	541	3509	74625	8	501557	0.44428	NA	NA	NA	NA	NA	NA	NA	NA	NA	NA	NA	NA	NA	NA	NA	NA	NA	NA	NA	NA	NA	NA	17574720
scBac_PTA_EnviBac_10cells_plate3well2C_S3	PTA	EnviBac	10cells	well2C	S3	environmental	environmental__PTA__EnviBac__10cells	Yes	Yes	Yes	k__Bacteria;p__Proteobacteria;c__Betaproteobacteria;o__Methylophilales;o__;f__;g__;s__	Bacteria	Proteobacteria	Betaproteobacteria	NA	NA	NA	NA	Low	1e+06	970476	100	175.49	24	29524	0.029524	29524	0.0295239999999999	970476	0.970476	8071	10381314	10381314	46.995	648	3039	4825	4825	437	75851	8	485175	4.674	0.41583	0.10817	12.9230292042028	838	808	5303115	5303115	153	8532	153	8532	591	2903	591	2903	75451	7	432221	0.40923	NA	NA	NA	NA	NA	NA	NA	NA	NA	NA	NA	NA	NA	NA	NA	NA	NA	NA	NA	NA	NA	NA	10861998
scBac_PTA_EnviBac_10cells_plate3well2D_S4	PTA	EnviBac	10cells	well2D	S4	environmental	environmental__PTA__EnviBac__10cells	Yes	Yes	Yes	k__Bacteria;p__Proteobacteria;c__Alphaproteobacteria;o__Rickettsiales;f__Pelagibacteraceae;g__Candidatus_Pelagibacter;s__	Bacteria	Proteobacteria	Alphaproteobacteria	Rickettsiales	Pelagibacteraceae	Candidatus_Pelagibacter	NA	Low	1e+06	971440	96.3	151.43	23	28560	0.02856	28560	0.02856	971440	0.97144	4584	8224349	8224349	44.315	257	7476	2173	2173	514	87508	5	336151	4.087	0.41181	0.09355	16.0424938192676	664	652	5602282	5602282	123	11879	123	11879	451	3722	451	3722	87108	5	334151	0.409	NA	NA	NA	NA	NA	NA	NA	NA	NA	NA	NA	NA	NA	NA	NA	NA	NA	NA	NA	NA	NA	NA	23823294
scBac_PTA_EnviBac_10cells_plate3well2E_S5	PTA	EnviBac	10cells	well2E	S5	environmental	environmental__PTA__EnviBac__10cells	Yes	Yes	Yes	k__Bacteria;p__Proteobacteria;c__Betaproteobacteria;o__Methylophilales;o__;f__;g__;s__	Bacteria	Proteobacteria	Betaproteobacteria	NA	NA	NA	NA	Low	1e+06	965440	95.61	174.88	21	34560	0.03456	34560	0.03456	965440	0.96544	4623	8257896	8257896	36.44	145	12316	2152	2152	482	110972	15	1146239	13.881	0.39639	0.11927	15.5303137748404	479	473	5704097	5704097	70	22063	70	22063	282	4527	282	4527	110572	15	1140239	0.37773	NA	NA	NA	NA	NA	NA	NA	NA	NA	NA	NA	NA	NA	NA	NA	NA	NA	NA	NA	NA	NA	NA	29357092
scBac_PTA_EnviBac_10cells_plate3well2F_S6	PTA	EnviBac	10cells	well2F	S6	environmental	environmental__PTA__EnviBac__10cells	Yes	Yes	Yes	k__Bacteria;p__Bacteroidetes;c__Sphingobacteriia;o__Sphingobacteriales;f__Saprospiraceae;g__Haliscomenobacter;s__Haliscomenobacter_hydrossis	Bacteria	Bacteroidetes	Sphingobacteriia	Sphingobacteriales	Saprospiraceae	Haliscomenobacter	Haliscomenobacter_hydrossis	Low	1e+06	958052	87.59	90.6	22	41948	0.041948	41948	0.0419479999999999	958052	0.958052	10064	10575464	10575464	38.49	947	2087	6497	6497	375	62411	1	62411	0.59	0.42551	0.11693	12.2057519178354	845	817	4673468	4673468	177	7576	177	7576	614	2643	614	2643	62011	1	62011	0.39883	NA	NA	NA	NA	NA	NA	NA	NA	NA	NA	NA	NA	NA	NA	NA	NA	NA	NA	NA	NA	NA	NA	24322376
scBac_PTA_EnviBac_10cells_plate3well2G_S7	PTA	EnviBac	10cells	well2G	S7	environmental	environmental__PTA__EnviBac__10cells	Yes	Yes	Yes	k__Bacteria;p__Bacteroidetes;c__Flavobacteriia;o__Flavobacteriales;unresolved	Bacteria	Bacteroidetes	Flavobacteriia	Flavobacteriales	-	-	-	Low	1e+06	962200	94.83	126.3	23	37800	0.0378	37800	0.0377999999999999	962200	0.962199999999999	5944	8069422	8069422	47.91	371	4778	3344	3344	415	64532	1	64532	0.8	0.47684	0.11	15.9462253925993	665	650	4720674	4720674	143	10048	143	10048	467	3281	467	3281	64132	1	64132	0.46477	NA	NA	NA	NA	NA	NA	NA	NA	NA	NA	NA	NA	NA	NA	NA	NA	NA	NA	NA	NA	NA	NA	22102398
scBac_PTA_EnviBac_10cells_plate3well2H_S8	PTA	EnviBac	10cells	well2H	S8	environmental	environmental__PTA__EnviBac__10cells	Yes	Yes	Yes	k__Bacteria;p__Proteobacteria;c__Gammaproteobacteria;o__Thiotrichales;unresolved	Bacteria	Proteobacteria	Gammaproteobacteria	Thiotrichales	-	-	-	Low	1e+06	956414	98.85	196.91	23	43586	0.043586	43586	0.043586	956414	0.956414	8284	11387607	11387607	40.9749999999999	641	4175	4741	4741	440	52251	1	52251	0.459	0.41671	0.09166	11.0574690538582	1069	1030	6521215	6521215	240	7846	240	7846	767	3080	767	3080	51851	1	51851	0.42016	NA	NA	NA	NA	NA	NA	NA	NA	NA	NA	NA	NA	NA	NA	NA	NA	NA	NA	NA	NA	NA	NA	28367144
scBac_PTA_EnviBac_sc_plate3well3A_S9	PTA	EnviBac	sc	well3A	S9	environmental	environmental__PTA__EnviBac__sc	Yes	Yes	Yes	k__Bacteria;p__Bacteroidetes;c__Flavobacteriia;o__Flavobacteriales;f__Cryomorphaceae;g__Owenweeksia;s__Owenweeksia_hongkongensis	Bacteria	Bacteroidetes	Flavobacteriia	Flavobacteriales	Cryomorphaceae	Owenweeksia	Owenweeksia_hongkongensis	High	1e+06	933826	95.36	0	22	66174	0.066174	66174	0.0661739999999999	933826	0.933826	653	2290794	2290794	44.7	14	40653	117	117	1205	257501	10	991999	43.304	0.44485	0.07625	54.348523699643	85	80	1968358	1968358	10	52175	10	52175	43	11095	43	11095	257101	10	987999	0.44831	NA	NA	NA	NA	NA	NA	NA	NA	NA	NA	NA	NA	NA	NA	NA	NA	NA	NA	NA	NA	NA	NA	5334950
scBac_PTA_EnviBac_sc_plate3well3B_S10	PTA	EnviBac	sc	well3B	S10	environmental	environmental__PTA__EnviBac__sc	Yes	Yes	Yes	k__Bacteria;p__Bacteroidetes;c__Flavobacteriia;o__Flavobacteriales;f__Cryomorphaceae;g__Owenweeksia;s__Owenweeksia_hongkongensis	Bacteria	Bacteroidetes	Flavobacteriia	Flavobacteriales	Cryomorphaceae	Owenweeksia	Owenweeksia_hongkongensis	Medium	1e+06	961872	86.35	1.88	21	38128	0.038128	38128	0.038128	961872	0.961872	806	2549307	2549307	44.23	24	32270	201	201	1044	109125	11	794508	31.166	0.44358	0.0784	50.8433562532876	121	118	2123499	2123499	18	39232	18	39232	66	6911	66	6911	108725	11	790108	0.44395	NA	NA	NA	NA	NA	NA	NA	NA	NA	NA	NA	NA	NA	NA	NA	NA	NA	NA	NA	NA	NA	NA	4641014
scBac_PTA_EnviBac_sc_plate3well3C_S11	PTA	EnviBac	sc	well3C	S11	environmental	environmental__PTA__EnviBac__sc	No	No	Yes	k__Bacteria;p__Proteobacteria;c__Gammaproteobacteria;o__Oceanospirillales;f__Oceanospirillaceae;g__Marinobacterium;o__Alteromonadales;f__Alteromonadaceae;s__Marinobacterium_litorale	Bacteria	Proteobacteria	Gammaproteobacteria	Alteromonadales	Alteromonadaceae	Marinobacterium	Marinobacterium_litorale	Medium	1e+06	958644	82.08	0.43	18	41356	0.041356	41356	0.0413559999999999	958644	0.958644	1187	3463038	3463038	51.7549999999999	60	15071	378	378	925	92512	7	463176	13.375	0.50689	0.07771	37.2693946760041	222	216	2800698	2800698	41	18757	41	18757	140	5985	140	5985	92112	6	410624	0.51248	NA	NA	NA	NA	NA	NA	NA	NA	NA	NA	NA	NA	NA	NA	NA	NA	NA	NA	NA	NA	NA	NA	5664482
scBac_PTA_EnviBac_sc_plate3well3D_S12	PTA	EnviBac	sc	well3D	S12	environmental	environmental__PTA__EnviBac__sc	Yes	Yes	Yes	k__Bacteria;p__Actinobacteria;c__Actinobacteria;o__Acidimicrobiales;f__Acidimicrobiaceae;g__Acidimicrobium;s__Acidimicrobium_ferrooxidans	Bacteria	Actinobacteria	Actinobacteria	Acidimicrobiales	Acidimicrobiaceae	Acidimicrobium	Acidimicrobium_ferrooxidans	Low	1e+06	587200	25.23	3.42	18	412800	0.4128	412800	0.412799999999999	587200	0.587199999999999	4792	3915542	3915542	59.75	592	1367	3298	3298	323	22113	0	0	0	0.51908	0.13305	20.3801486486417	290	280	1289930	1289930	73	5333	73	5333	222	2446	222	2446	21713	0	0	0.56168	NA	NA	NA	NA	NA	NA	NA	NA	NA	NA	NA	NA	NA	NA	NA	NA	NA	NA	NA	NA	NA	NA	5475482
scBac_PTA_EnviBac_sc_plate3well3E_S13	PTA	EnviBac	sc	well3E	S13	environmental	environmental__PTA__EnviBac__sc	Yes	Yes	Yes	k__Bacteria;p__Proteobacteria;c__Alphaproteobacteria;o__Rhodobacterales;f__Rhodobacteraceae;f__;g__;s__	Bacteria	Proteobacteria	Alphaproteobacteria	Rhodobacterales	NA	NA	NA	Medium	1e+06	943524	87.98	1.21	22	56476	0.056476	56476	0.0564759999999999	943524	0.943524	888	3421947	3421947	49.55	34	27712	185	185	1553	263027	8	812316	23.738	0.48404	0.08173	37.3593027595108	159	155	2962248	2962248	26	31158	26	31158	92	8751	92	8751	262627	8	809116	0.48655	NA	NA	NA	NA	NA	NA	NA	NA	NA	NA	NA	NA	NA	NA	NA	NA	NA	NA	NA	NA	NA	NA	4204498
scBac_PTA_EnviBac_sc_plate3well3F_S14	PTA	EnviBac	sc	well3F	S14	environmental	environmental__PTA__EnviBac__sc	Yes	Yes	Yes	k__Bacteria;p__Actinobacteria;c__Actinobacteria;o__Actinomycetales;f__Microbacteriaceae;g__Candidatus_Aquiluna;s__	Bacteria	Actinobacteria	Actinobacteria	Actinomycetales	Microbacteriaceae	Candidatus_Aquiluna	NA	High	1e+06	829562	90.41	1.8	23	170438	0.170438	170438	0.170437999999999	829562	0.829562	1052	1948274	1948274	47.39	4	74112	445	445	452	484512	4	1006899	51.682	0.50755	0.09459	57.612763913084	67	64	1403975	1403975	2	240169	2	240169	17	5323	17	5323	484112	4	1005299	0.53449	NA	NA	NA	NA	NA	NA	NA	NA	NA	NA	NA	NA	NA	NA	NA	NA	NA	NA	NA	NA	NA	NA	4223042
scBac_PTA_EnviBac_sc_plate3well3G_S15	PTA	EnviBac	sc	well3G	S15	environmental	environmental__PTA__EnviBac__sc	Yes	Yes	Yes	k__Bacteria;p__Bacteroidetes;c__Flavobacteriia;o__Flavobacteriales;f__Flavobacteriaceae	Bacteria	Bacteroidetes	Flavobacteriia	Flavobacteriales	Flavobacteriaceae	-	-	Medium	1e+06	880568	86.4	2.27	22	119432	0.119432	119432	0.119431999999999	880568	0.880568	1164	2071851	2071851	35.83	17	28176	510	510	445	210410	8	724716	34.979	0.34829	0.10429	55.6597979294843	86	84	1468297	1468297	9	47593	9	47593	38	5327	38	5327	210010	7	671678	0.3167	NA	NA	NA	NA	NA	NA	NA	NA	NA	NA	NA	NA	NA	NA	NA	NA	NA	NA	NA	NA	NA	NA	6477608
scBac_PTA_EnviBac_sc_plate3well3H_S16	PTA	EnviBac	sc	well3H	S16	environmental	environmental__PTA__EnviBac__sc	Yes	Yes	Yes	k__Bacteria;p__Proteobacteria;c__Alphaproteobacteria;o__Rickettsiales;o__;f__;g__;s__	Bacteria	Proteobacteria	Alphaproteobacteria	NA	NA	NA	NA	Medium	1e+06	898494	87.35	5.42	22	101506	0.101506	101506	0.101505999999999	898494	0.898494	951	1949738	1949738	36.185	8	85372	366	366	491	181521	10	1120809	57.485	0.35941	0.09776	60.7810536595173	67	66	1432235	1432235	5	123262	5	123262	22	6284	22	6284	181121	10	1116809	0.33535	NA	NA	NA	NA	NA	NA	NA	NA	NA	NA	NA	NA	NA	NA	NA	NA	NA	NA	NA	NA	NA	NA	5456060
scBac_PTA_Pputida_10cells_plate2well2A_S54	PTA	Pputida	10cells	well2A	S54	isolate	isolate__PTA__Pputida__10cells	Yes	Yes	Yes	k__Bacteria;p__Proteobacteria;c__Gammaproteobacteria;o__Pseudomonadales;f__Pseudomonadaceae;g__Pseudomonas;s__Pseudomonas_putida;unresolved	Bacteria	Proteobacteria	Gammaproteobacteria	Pseudomonadales	Pseudomonadaceae	Pseudomonas	Pseudomonas_putida	Medium	1e+06	917670	77.29	4.68	21	82330	0.08233	82330	0.08233	917670	0.91767	6014	8326579	8326579	61.775	369	4559	3425	3425	445	145241	5	407031	4.888	0.5776	0.08072	15.3142266469819	733	642	4790998	4790998	124	10243	124	10243	450	3170	450	3170	144841	5	405031	0.59872	5859	1390	141	6	8328230	6271066	461790	2952	145241	7343591	6202963	58.33	119	435046	1815460	88.357	1.004	24.78	28.57	7.36	99785	5502960	14945788
scBac_PTA_Pputida_10cells_plate2well2B_S55	PTA	Pputida	10cells	well2B	S55	isolate	isolate__PTA__Pputida__10cells	No	No	Yes	k__Bacteria;p__Proteobacteria;c__Gammaproteobacteria;o__Pseudomonadales;f__Pseudomonadaceae;g__Pseudomonas;s__Pseudomonas_putida;unresolved	Bacteria	Proteobacteria	Gammaproteobacteria	Pseudomonadales	Pseudomonadaceae	Pseudomonas	Pseudomonas_putida	Medium	1e+06	923222	82.15	0.84	20	76778	0.076778	76778	0.076778	923222	0.923222	1793	5855981	5855981	62.235	137	10524	703	703	1271	97362	7	489553	8.36	0.614	0.05217	21.982983892878	571	502	4715374	4715374	92	12587	92	12587	345	3993	345	3993	96962	7	486753	0.60892	1694	757	152	7	5858261	5418712	503545	1109	97362	5664328	6202963	61.35	97	308753	4131	90.566	1.004	25.6	21.59	4.77	97362	5642398	16387694
scBac_PTA_Pputida_10cells_plate2well2C_S56	PTA	Pputida	10cells	well2C	S56	isolate	isolate__PTA__Pputida__10cells	No	No	Yes	k__Bacteria;p__Proteobacteria;c__Gammaproteobacteria;o__Pseudomonadales;f__Pseudomonadaceae;g__Pseudomonas;s__Pseudomonas_putida;unresolved	Bacteria	Proteobacteria	Gammaproteobacteria	Pseudomonadales	Pseudomonadaceae	Pseudomonas	Pseudomonas_putida	Medium	1e+06	910028	77.17	0.8	20	89972	0.089972	89972	0.089972	910028	0.910028	1903	5761028	5761028	62.1399999999999	153	9332	801	801	1154	98733	7	468269	8.128	0.61299	0.05115	21.7922624226092	582	522	4504379	4504379	98	12299	98	12299	360	3835	360	3835	98333	7	465469	0.60728	1808	831	136	10	5762068	5286638	638738	1230	98733	5565433	6202963	61.24	113	300316	15411	88.837	1.003	21.92	29.8	4.87	98733	5526968	19890174
scBac_PTA_Pputida_10cells_plate2well2D_S57	PTA	Pputida	10cells	well2D	S57	isolate	isolate__PTA__Pputida__10cells	Yes	No	Yes	k__Bacteria;p__Proteobacteria;c__Gammaproteobacteria;o__Pseudomonadales;f__Pseudomonadaceae;g__Pseudomonas;s__Pseudomonas_putida;unresolved	Bacteria	Proteobacteria	Gammaproteobacteria	Pseudomonadales	Pseudomonadaceae	Pseudomonas	Pseudomonas_putida	Medium	1e+06	925318	69.76	1.46	19	74682	0.074682	74682	0.074682	925318	0.925318	2331	5757371	5757371	61.95	197	7891	1052	1052	854	83089	5	312517	5.428	0.61238	0.05532	21.3872845783257	603	563	4265290	4265290	120	10077	120	10077	402	3453	402	3453	82689	5	310517	0.60613	2265	922	131	6	5799217	5150707	403486	1465	87827	5531337	6202963	61.11	151	486424	18235	87.095	1.016	20.25	20.37	3.44	82235	5487874	34346840
scBac_PTA_Pputida_sc_plate2well3A_S58	PTA	Pputida	sc	well3A	S58	isolate	isolate__PTA__Pputida__sc	Yes	No	Yes	k__Bacteria;p__Proteobacteria;c__Gammaproteobacteria;o__Pseudomonadales;f__Pseudomonadaceae;g__Pseudomonas;s__Pseudomonas_putida;unresolved	Bacteria	Proteobacteria	Gammaproteobacteria	Pseudomonadales	Pseudomonadaceae	Pseudomonas	Pseudomonas_putida	Medium	1e+06	810492	62.19	1.29	20	189508	0.189508	189508	0.189508	810492	0.810492	6215	7122914	7122914	61.695	422	3129	3825	3825	373	94833	5	347882	4.884	0.58115	0.08984	15.3982942935995	607	544	3686503	3686503	106	9040	106	9040	394	2925	394	2925	94433	4	295997	0.59987	6102	1195	103	5	7124152	4951673	347882	2681	94833	5965561	6202963	58.99	226	396190	953407	79.955	1.004	23.47	37.5	7.09	94833	4980818	5347542
scBac_PTA_Pputida_sc_plate2well3B_S59	PTA	Pputida	sc	well3B	S59	isolate	isolate__PTA__Pputida__sc	No	No	Yes	k__Bacteria;p__Proteobacteria;c__Gammaproteobacteria;o__Pseudomonadales;f__Pseudomonadaceae;g__Pseudomonas;s__Pseudomonas_putida;unresolved	Bacteria	Proteobacteria	Gammaproteobacteria	Pseudomonadales	Pseudomonadaceae	Pseudomonas	Pseudomonas_putida	Medium	1e+06	921522	76.42	1.35	20	78478	0.078478	78478	0.078478	921522	0.921522	2533	5910841	5910841	62.15	182	8326	1064	1064	810	97378	5	347729	5.883	0.6063	0.09914	21.2683876964377	601	538	4383943	4383943	109	11566	109	11566	376	3660	376	3660	96978	5	345729	0.6062	2426	873	144	5	5912001	5221061	349518	1393	97378	5585970	6202963	60.8	135	360945	134439	87.022	1.006	23.99	22.79	5.14	97378	5428141	8191954
scBac_PTA_Pputida_sc_plate2well3D_S60	PTA	Pputida	sc	well3D	S60	isolate	isolate__PTA__Pputida__sc	Yes	No	Yes	k__Bacteria;p__Proteobacteria;c__Gammaproteobacteria;o__Pseudomonadales;f__Pseudomonadaceae;g__Pseudomonas;s__Pseudomonas_putida;unresolved	Bacteria	Proteobacteria	Gammaproteobacteria	Pseudomonadales	Pseudomonadaceae	Pseudomonas	Pseudomonas_putida	Medium	1e+06	821406	52.73	1.53	19	178594	0.178594	178594	0.178594	821406	0.821406	3819	5648067	5648067	61.55	290	4332	1955	1955	496	57751	1	57751	1.022	0.59637	0.09842	19.6251846870796	598	536	3398836	3398836	111	7838	111	7838	394	2843	394	2843	57351	1	57351	0.59635	3737	1094	85	1	5648993	4534083	57751	1892	57751	5090432	6202963	59.9	238	410495	286558	76.582	1.005	19.64	30.99	5.09	57751	4772708	5325858
scBac_PTA_Pputida_sc_plate2well3E_S61	PTA	Pputida	sc	well3E	S61	isolate	isolate__PTA__Pputida__sc	Yes	No	No	k__Bacteria;p__Proteobacteria;c__Gammaproteobacteria;o__Pseudomonadales;f__Pseudomonadaceae;g__Pseudomonas;s__Pseudomonas_putida;unresolved	Bacteria	Proteobacteria	Gammaproteobacteria	Pseudomonadales	Pseudomonadaceae	Pseudomonas	Pseudomonas_putida	Medium	1e+06	891508	56.17	1.07	21	108492	0.108492	108492	0.108492	891508	0.891508	3454	5350753	5350753	61.365	272	4428	1839	1839	493	71289	3	190269	3.556	0.60181	0.08338	20.9860840147171	528	508	3241880	3241880	106	8394	106	8394	374	2893	374	2893	70889	3	189069	0.59577	3420	1011	87	3	5351199	4255238	190269	1809	71289	4816362	6202963	60.18	237	445776	139840	74.471	1.006	14.53	23	2.99	71289	4647716	3696426
scBac_PTA_Reagent_only_plate2well6A_S70	PTA	Reagent_only	Reagent_only	well6A	S70	environmental	environmental__PTA__Reagent_only__Reagent_only	Yes	No	No	NA;unresolved	-	-	-	-	-	-	-	Low	1e+06	379764	0	0	4	620236	0.620236	620236	0.620236	379764	0.379764	3038	1755153	1755153	38.2699999999999	519	756	2186	2186	276	11626	0	0	0	0.42316	0.10189	28.3756322098415	93	89	318258	318258	28	3416	28	3416	74	2213	74	2213	11226	0	0	0.41058	NA	NA	NA	NA	NA	NA	NA	NA	NA	NA	NA	NA	NA	NA	NA	NA	NA	NA	NA	NA	NA	NA	6015040
scBac_PTA_Reagent_only_plate2well6B_S71	PTA	Reagent_only	Reagent_only	well6B	S71	environmental	environmental__PTA__Reagent_only__Reagent_only	Yes	No	No	NA;unresolved	-	-	-	-	-	-	-	Low	1e+06	344952	4.17	0	10	655048	0.655048	655048	0.655048	344952	0.344952	2418	1481084	1481084	41.53	383	840	1725	1725	282	12131	0	0	0	0.42029	0.09528	30.3038585252423	85	85	310459	310459	27	3657	27	3657	71	2287	71	2287	11731	0	0	0.41998	NA	NA	NA	NA	NA	NA	NA	NA	NA	NA	NA	NA	NA	NA	NA	NA	NA	NA	NA	NA	NA	NA	6315932
scBac_PTA_Reagent_only_plate3well12B_S18	PTA	Reagent_only	Reagent_only	well12B	S18	environmental	environmental__PTA__Reagent_only__Reagent_only	Yes	Yes	Yes	NA;unresolved	-	-	-	-	-	-	-	Low	1e+06	446174	8.33	0	11	553826	0.553826	553826	0.553825999999999	446174	0.446173999999999	2953	2243210	2243210	43.68	386	1222	2065	2065	309	23773	0	0	0	0.43782	0.09715	26.4573205361958	166	159	680668	680668	45	4754	45	4754	128	2431	128	2431	23373	0	0	0.43633	NA	NA	NA	NA	NA	NA	NA	NA	NA	NA	NA	NA	NA	NA	NA	NA	NA	NA	NA	NA	NA	NA	3743248
scBac_PTA_Reagent_only_plate3well12C_S19	PTA	Reagent_only	Reagent_only	well12C	S19	environmental	environmental__PTA__Reagent_only__Reagent_only	Yes	No	No	k__Bacteria;p__Proteobacteria;c__Betaproteobacteria;o__Rhodocyclales;f__Rhodocyclaceae;g__Azospira;s__Azospira_suillum	Bacteria	Proteobacteria	Betaproteobacteria	Rhodocyclales	Rhodocyclaceae	Azospira	Azospira_suillum	Low	1e+06	566518	3.99	0.16	3	433482	0.433482	433482	0.433482	566518	0.566518	3926	2519427	2519427	44.29	607	921	2755	2755	290	15696	0	0	0	0.43622	0.0959	28.9084502150687	157	155	560345	560345	50	3875	50	3875	129	2251	129	2251	15296	0	0	0.45121	NA	NA	NA	NA	NA	NA	NA	NA	NA	NA	NA	NA	NA	NA	NA	NA	NA	NA	NA	NA	NA	NA	3701264
scBac_PTA_SortSheathFluid_plate3well11A_S17	PTA	SortSheathFluid	SortSheathFluid	well11A	S17	environmental	environmental__PTA__SortSheathFluid__SortSheathFluid	No	No	No	k__Bacteria;p__Actinobacteria;c__Actinobacteria;o__Bifidobacteriales;f__Bifidobacteriaceae;g__Gardnerella;s__Gardnerella_vaginalis;unresolved	Bacteria	Actinobacteria	Actinobacteria	Bifidobacteriales	Bifidobacteriaceae	Gardnerella	Gardnerella_vaginalis	Low	1e+06	649422	7.02	0	1	350578	0.350578	350578	0.350577999999999	649422	0.649421999999999	5229	3152489	3152489	46.7399999999999	949	787	3754	3754	283	12064	0	0	0	0.43471	0.09547	27.5369049662028	151	141	508448	508448	47	3536	47	3536	118	2307	118	2307	11664	0	0	0.472	NA	NA	NA	NA	NA	NA	NA	NA	NA	NA	NA	NA	NA	NA	NA	NA	NA	NA	NA	NA	NA	NA	5033318
scBac_WGAX_Bsubtilis_sc_well8C_S46	WGAX	Bsubtilis	sc	well8C	S46	isolate	isolate__WGAX__Bsubtilis__sc	No	No	No	NA;unresolved	-	-	-	-	-	-	-	Low	124710	24730	0	0	0	99980	0.801699943869777	99980	0.801699943869777	24730	0.198300056130222	528	103109	103109	46.565	153	184	432	432	103	3599	0	0	0	0.40074	0.07262	32.2034545965919	2	2	5417	5417	1	3199	1	3199	2	2218	2	2218	3199	0	0	0.46613	528	5	0	0	103109	11698	0	19	3599	20807	4214385	43.76	1	3599	17208	0.085	1	0	0	0	2167	3571	4077356
scBac_WGAX_Bsubtilis_sc_well8D_S47	WGAX	Bsubtilis	sc	well8D	S47	isolate	isolate__WGAX__Bsubtilis__sc	No	No	No	NA;unresolved	-	-	-	-	-	-	-	Low	151218	53738	0	0	0	97480	0.64463225277414	97480	0.64463225277414	53738	0.355367747225859	728	169512	169512	37.73	166	207	567	567	113	4598	0	0	0	0.38463	0.07238	43.4201590447873	1	1	4198	4198	1	4198	1	4198	1	4198	1	4198	4198	0	0	0.37732	728	15	0	0	169512	25125	0	52	4598	49710	4214385	41.32	49710	0	NA	NA	NA	NA	NA	NA	NA	NA	3522278
scBac_WGAX_Bsubtilis_sc_well8E_S48	WGAX	Bsubtilis	sc	well8E	S48	isolate	isolate__WGAX__Bsubtilis__sc	No	No	No	NA;unresolved	-	-	-	-	-	-	-	Low	263350	40204	0	0	0	223146	0.847336244541484	223146	0.847336244541484	40204	0.152663755458515	607	192996	192996	50.72	55	530	428	428	126	9417	0	0	0	0.42768	0.08018	27.9018632510518	11	11	49745	49745	4	4363	4	4363	9	2609	9	2609	9017	0	0	0.5055	605	27	0	0	193016	77270	0	57	9417	98637	4214385	46.32	98637	20.28	NA	NA	NA	NA	NA	NA	NA	NA	4337950
scBac_WGAX_Bsubtilis_sc_well8F_S49	WGAX	Bsubtilis	sc	well8F	S49	isolate	isolate__WGAX__Bsubtilis__sc	Yes	Yes	No	NA;unresolved	-	-	-	-	-	-	-	Low	1e+06	108324	4.17	0	2	891676	0.891676	891676	0.891676	108324	0.108323999999999	223	316993	316993	52.59	4	13082	112	112	377	75251	2	134344	42.381	0.53893	0.10565	47.8956759297523	13	11	206796	206796	2	58693	2	58693	6	12148	6	12148	74851	2	133544	0.53196	219	31	6	2	317048	239477	135638	81	76545	273563	4214385	53.65	273563	20.11	NA	NA	NA	NA	NA	NA	NA	NA	3454776
scBac_WGAX_Ecoli_sc_well7B_S42	WGAX	Ecoli	sc	well7B	S42	isolate	isolate__WGAX__Ecoli__sc	No	No	Yes	k__Bacteria;p__Proteobacteria;c__Gammaproteobacteria;o__Enterobacteriales;f__Enterobacteriaceae;g__Escherichia;s__Escherichia_coli	Bacteria	Proteobacteria	Gammaproteobacteria	Enterobacteriales	Enterobacteriaceae	Escherichia	Escherichia_coli	Low	1e+06	658718	43.34	0.5	13	341282	0.341282	341282	0.341282	658718	0.658718	1431	2859689	2859689	51.235	29	26249	598	598	501	132137	11	809663	28.313	0.50756	0.06126	32.7388656598672	119	116	2064555	2064555	17	38021	17	38021	57	7737	57	7737	131737	11	805263	0.50661	1409	288	48	13	2860007	2367272	924173	593	132137	2580302	4636831	50.7	35	238879	229354	50.593	1.001	15.5	14.18	3.19	132137	2348889	3455884
scBac_WGAX_Ecoli_sc_well7C_S43	WGAX	Ecoli	sc	well7C	S43	isolate	isolate__WGAX__Ecoli__sc	Yes	Yes	Yes	k__Bacteria;p__Proteobacteria;c__Gammaproteobacteria;o__Enterobacteriales;f__Enterobacteriaceae;g__Escherichia;s__Escherichia_coli	Bacteria	Proteobacteria	Gammaproteobacteria	Enterobacteriales	Enterobacteriaceae	Escherichia	Escherichia_coli	Medium	1e+06	820542	52.71	0.06	20	179458	0.179458	179458	0.179458	820542	0.820542	1027	3254464	3254464	50.4	23	41071	284	284	917	140040	17	1370785	42.12	0.50278	0.05395	35.7914427690704	140	124	2640701	2640701	17	50211	17	50211	59	9607	59	9607	139640	17	1363985	0.50033	1003	257	58	17	3254840	2919199	1397802	483	156718	3076667	4636831	50.21	24	153420	5639	66.141	1.001	13.65	10.1	2.31	151069	3069293	2956720
scBac_WGAX_Ecoli_sc_well7F_S44	WGAX	Ecoli	sc	well7F	S44	isolate	isolate__WGAX__Ecoli__sc	Yes	Yes	Yes	k__Bacteria;p__Proteobacteria;c__Gammaproteobacteria;o__Enterobacteriales;f__Enterobacteriaceae;g__Escherichia;s__Escherichia_coli	Bacteria	Proteobacteria	Gammaproteobacteria	Enterobacteriales	Enterobacteriaceae	Escherichia	Escherichia_coli	Low	1e+06	649744	36.66	0.06	15	350256	0.350256	350256	0.350256	649744	0.649744	946	2379451	2379451	50.815	23	29066	336	336	671	137908	7	591828	24.872	0.50427	0.05557	38.3738484213375	106	94	1820531	1820531	15	35098	15	35098	50	8107	50	8107	137508	7	589028	0.50308	925	211	42	7	2379840	2055543	615241	443	153178	2214698	4636831	50.4	16	170676	0	47.683	1.001	25.74	11.7	3.66	153178	2212798	3572610
scBac_WGAX_Ecoli_sc_well7G_S45	WGAX	Ecoli	sc	well7G	S45	isolate	isolate__WGAX__Ecoli__sc	Yes	No	Yes	k__Bacteria;p__Proteobacteria;c__Gammaproteobacteria;o__Enterobacteriales;f__Enterobacteriaceae;g__Shigella;s__Shigella_flexneri;unresolved	Bacteria	Proteobacteria	Gammaproteobacteria	Enterobacteriales	Enterobacteriaceae	Shigella	Shigella_flexneri	Low	1e+06	495676	22.41	0	7	504324	0.504324	504324	0.504324	495676	0.495676	337	1065081	1065081	50.17	8	49460	90	90	868	115534	7	511193	47.996	0.49948	0.06376	65.4932160089232	42	33	868632	868632	6	53934	6	53934	17	13105	17	13105	115134	7	508393	0.50104	319	76	18	8	1065351	954392	581892	158	116337	1011526	4636831	49.93	10	126092	0	21.787	1	26.69	10.59	3.66	114471	1010561	3469822
scBac_WGAX_EnviBac_10cells_well2A_S87	WGAX	EnviBac	10cells	well2A	S87	environmental	environmental__WGAX__EnviBac__10cells	Yes	Yes	Yes	k__Bacteria;p__Bacteroidetes;c__Flavobacteriia;o__Flavobacteriales;f__Flavobacteriaceae	Bacteria	Bacteroidetes	Flavobacteriia	Flavobacteriales	Flavobacteriaceae	-	-	Low	1e+06	349652	10.34	0	7	650348	0.650348	650348	0.650347999999999	349652	0.349651999999999	800	1270329	1270329	45.245	30	11477	408	408	443	40762	0	0	0	0.44386	0.065	38.876916137473	85	78	838237	838237	16	17834	16	17834	49	4530	49	4530	40362	0	0	0.44254	NA	NA	NA	NA	NA	NA	NA	NA	NA	NA	NA	NA	NA	NA	NA	NA	NA	NA	NA	NA	NA	NA	10647212
scBac_WGAX_EnviBac_10cells_well2B_S88	WGAX	EnviBac	10cells	well2B	S88	environmental	environmental__WGAX__EnviBac__10cells	No	No	No	k__Bacteria;p__Proteobacteria;c__Betaproteobacteria;o__Methylophilales;o__;f__;g__;s__	Bacteria	Proteobacteria	Betaproteobacteria	NA	NA	NA	NA	Low	1e+06	432022	52.63	22.81	13	567978	0.567978	567978	0.567978	432022	0.432022	525	1349673	1349673	39.78	13	29915	175	175	700	127674	4	369136	27.35	0.3815	0.06159	45.2130197462644	67	53	1046103	1046103	8	41441	8	41441	28	9451	28	9451	127274	4	367536	0.38276	NA	NA	NA	NA	NA	NA	NA	NA	NA	NA	NA	NA	NA	NA	NA	NA	NA	NA	NA	NA	NA	NA	13467732
scBac_WGAX_EnviBac_10cells_well2C_S89	WGAX	EnviBac	10cells	well2C	S89	environmental	environmental__WGAX__EnviBac__10cells	Yes	Yes	Yes	k__Bacteria;p__Bacteroidetes;c__Flavobacteriia;o__Flavobacteriales;f__Flavobacteriaceae	Bacteria	Bacteroidetes	Flavobacteriia	Flavobacteriales	Flavobacteriaceae	-	-	Low	1e+06	644596	43.38	8.09	17	355404	0.355404	355404	0.355404	644596	0.644596	1212	2234262	2234262	47.9899999999999	34	17560	550	550	480	70695	5	299059	13.385	0.4754	0.08687	40.8945146092982	121	98	1568641	1568641	18	26911	18	26911	59	7266	59	7266	70295	5	297059	0.46953	NA	NA	NA	NA	NA	NA	NA	NA	NA	NA	NA	NA	NA	NA	NA	NA	NA	NA	NA	NA	NA	NA	14008020
scBac_WGAX_EnviBac_10cells_well2D_S90	WGAX	EnviBac	10cells	well2D	S90	environmental	environmental__WGAX__EnviBac__10cells	No	No	No	k__Bacteria;p__Bacteroidetes;c__Sphingobacteriia;o__Sphingobacteriales;f__Saprospiraceae;g__Haliscomenobacter;s__Haliscomenobacter_hydrossis	Bacteria	Bacteroidetes	Sphingobacteriia	Sphingobacteriales	Saprospiraceae	Haliscomenobacter	Haliscomenobacter_hydrossis	Low	1e+06	548894	34.85	0.76	10	451106	0.451106	451106	0.451106	548894	0.548894	974	1891389	1891389	38.05	28	18490	409	409	488	95578	2	146082	7.724	0.38385	0.05852	40.9007464884272	105	91	1376218	1376218	17	28269	17	28269	53	6464	53	6464	95178	2	145282	0.38095	NA	NA	NA	NA	NA	NA	NA	NA	NA	NA	NA	NA	NA	NA	NA	NA	NA	NA	NA	NA	NA	NA	15500454
scBac_WGAX_EnviBac_10cells_well2E_S91	WGAX	EnviBac	10cells	well2E	S91	environmental	environmental__WGAX__EnviBac__10cells	No	No	No	k__Bacteria;p__Bacteroidetes;c__Flavobacteriia;o__Flavobacteriales;f__Flavobacteriaceae;unresolved	Bacteria	Bacteroidetes	Flavobacteriia	Flavobacteriales	Flavobacteriaceae	-	-	Low	1e+06	255150	24.14	1.72	6	744850	0.74485	744850	0.74485	255150	0.25515	539	843995	843995	37.7	23	9738	273	273	435	30858	0	0	0	0.3855	0.06888	42.5112992375547	60	56	558906	558906	13	18521	13	18521	37	4141	37	4141	30458	0	0	0.38263	NA	NA	NA	NA	NA	NA	NA	NA	NA	NA	NA	NA	NA	NA	NA	NA	NA	NA	NA	NA	NA	NA	16522200
scBac_WGAX_EnviBac_10cells_well2F_S92	WGAX	EnviBac	10cells	well2F	S92	environmental	environmental__WGAX__EnviBac__10cells	No	No	No	k__Bacteria;p__Bacteroidetes;c__Flavobacteriia;o__Flavobacteriales;f__Cryomorphaceae;g__Owenweeksia;s__Owenweeksia_hongkongensis	Bacteria	Bacteroidetes	Flavobacteriia	Flavobacteriales	Cryomorphaceae	Owenweeksia	Owenweeksia_hongkongensis	Low	1e+06	423512	47.37	8.06	11	576488	0.576488	576488	0.576488	423512	0.423512	862	1633438	1633438	43.97	39	12177	388	388	513	40658	0	0	0	0.43769	0.06323	36.6097127653452	112	106	1166310	1166310	23	16939	23	16939	68	5120	68	5120	40258	0	0	0.43691	NA	NA	NA	NA	NA	NA	NA	NA	NA	NA	NA	NA	NA	NA	NA	NA	NA	NA	NA	NA	NA	NA	14977782
scBac_WGAX_EnviBac_10cells_well2G_S93	WGAX	EnviBac	10cells	well2G	S93	environmental	environmental__WGAX__EnviBac__10cells	No	No	No	k__Bacteria;p__Actinobacteria;c__Actinobacteria;o__Actinomycetales;unresolved	Bacteria	Actinobacteria	Actinobacteria	Actinomycetales	-	-	-	Low	1e+06	575956	53.57	12.46	20	424044	0.424044	424044	0.424044	575956	0.575956	765	1726482	1726482	39.39	22	19431	292	292	592	93225	5	382195	22.137	0.38351	0.06943	47.0391570835954	97	84	1308960	1308960	13	27389	13	27389	50	6775	50	6775	92825	5	380195	0.3758	NA	NA	NA	NA	NA	NA	NA	NA	NA	NA	NA	NA	NA	NA	NA	NA	NA	NA	NA	NA	NA	NA	12832776
scBac_WGAX_EnviBac_10cells_well2H_S94	WGAX	EnviBac	10cells	well2H	S94	environmental	environmental__WGAX__EnviBac__10cells	No	No	No	k__Bacteria;p__Bacteroidetes;c__Flavobacteriia;o__Flavobacteriales;f__Cryomorphaceae;g__Crocinitomix;s__Crocinitomix_catalasitica	Bacteria	Bacteroidetes	Flavobacteriia	Flavobacteriales	Cryomorphaceae	Crocinitomix	Crocinitomix_catalasitica	Low	1e+06	445818	12.07	0	7	554182	0.554182	554182	0.554182	445818	0.445818	723	1189346	1189346	38.3799999999999	42	9707	363	363	474	37996	0	0	0	0.37615	0.05506	50.8987611679023	91	85	788733	788733	24	12343	24	12343	62	4675	62	4675	37596	0	0	0.37786	NA	NA	NA	NA	NA	NA	NA	NA	NA	NA	NA	NA	NA	NA	NA	NA	NA	NA	NA	NA	NA	NA	35798070
scBac_WGAX_EnviBac_sc_well3C_S95	WGAX	EnviBac	sc	well3C	S95	environmental	environmental__WGAX__EnviBac__sc	No	No	No	k__Bacteria;p__Proteobacteria;c__Gammaproteobacteria;o__Alteromonadales_3;f__Alteromonadaceae;o__;f__;g__;s__	Bacteria	Proteobacteria	Gammaproteobacteria	NA	NA	NA	NA	Low	1e+06	192462	16.32	0	9	807538	0.807538	807538	0.807538	192462	0.192462	426	679740	679740	54.86	15	13796	211	211	420	49064	0	0	0	0.54649	0.04565	40.2432400623767	42	37	467731	467731	9	20142	9	20142	24	5472	24	5472	48664	0	0	0.54735	NA	NA	NA	NA	NA	NA	NA	NA	NA	NA	NA	NA	NA	NA	NA	NA	NA	NA	NA	NA	NA	NA	3701296
scBac_WGAX_EnviBac_sc_well4H_S96	WGAX	EnviBac	sc	well4H	S96	environmental	environmental__WGAX__EnviBac__sc	No	No	No	k__Bacteria;p__Proteobacteria;c__Alphaproteobacteria;o__Rhodobacterales;f__Rhodobacteraceae;f__;g__;s__	Bacteria	Proteobacteria	Alphaproteobacteria	Rhodobacterales	NA	NA	NA	Low	1e+06	204156	3.45	0	5	795844	0.795844	795844	0.795844	204156	0.204156	212	475776	475776	48.76	11	13343	84	84	647	42020	0	0	0	0.48051	0.05951	60.8719565509819	34	31	355321	355321	7	14640	7	14640	21	4504	21	4504	41620	0	0	0.47985	NA	NA	NA	NA	NA	NA	NA	NA	NA	NA	NA	NA	NA	NA	NA	NA	NA	NA	NA	NA	NA	NA	3906818
scBac_WGAX_EnviBac_sc_well5B_S97	WGAX	EnviBac	sc	well5B	S97	environmental	environmental__WGAX__EnviBac__sc	No	No	No	k__Bacteria;p__Proteobacteria;c__Gammaproteobacteria;o__Oceanospirillales;f__Oceanospirillaceae;g__Marinobacterium;o__Alteromonadales;f__Alteromonadaceae;s__Marinobacterium_litorale	Bacteria	Proteobacteria	Gammaproteobacteria	Alteromonadales	Alteromonadaceae	Marinobacterium	Marinobacterium_litorale	Low	1e+06	221456	9.84	0.02	7	778544	0.778544	778544	0.778544	221456	0.221456	236	449094	449094	52.095	18	7448	112	112	524	21563	0	0	0	0.51431	0.06235	69.9234859517161	45	42	317008	317008	11	10024	11	10024	31	3559	31	3559	21163	0	0	0.51756	NA	NA	NA	NA	NA	NA	NA	NA	NA	NA	NA	NA	NA	NA	NA	NA	NA	NA	NA	NA	NA	NA	3941176
scBac_WGAX_EnviBac_sc_well5H_S98	WGAX	EnviBac	sc	well5H	S98	environmental	environmental__WGAX__EnviBac__sc	No	No	No	NA;unresolved	-	-	-	-	-	-	-	Low	1e+06	42234	0	0	0	957766	0.957766	957766	0.957766	42234	0.0422339999999999	19	50603	50603	49.355	3	7897	6	6	4597	11814	0	0	0	0.49402	0.11273	118.050155129142	6	6	43997	43997	3	7497	3	7497	5	5069	5	5069	11414	0	0	0.49512	NA	NA	NA	NA	NA	NA	NA	NA	NA	NA	NA	NA	NA	NA	NA	NA	NA	NA	NA	NA	NA	NA	4143720
scBac_WGAX_EnviBac_sc_well6D_S99	WGAX	EnviBac	sc	well6D	S99	environmental	environmental__WGAX__EnviBac__sc	Yes	Yes	Yes	k__Bacteria;p__Proteobacteria;c__Gammaproteobacteria;o__Alteromonadales_3;f__Alteromonadaceae;o__;f__;g__;s__	Bacteria	Proteobacteria	Gammaproteobacteria	NA	NA	NA	NA	Low	1e+06	402764	16.74	0	8	597236	0.597236	597236	0.597236	402764	0.402764	474	1155575	1155575	52.1299999999999	22	15392	181	181	693	54316	1	54316	4.7	0.51677	0.03843	49.3406347489345	82	75	885363	885363	15	19522	15	19522	49	4949	49	4949	53916	1	53916	0.5153	NA	NA	NA	NA	NA	NA	NA	NA	NA	NA	NA	NA	NA	NA	NA	NA	NA	NA	NA	NA	NA	NA	3837486
scBac_WGAX_EnviBac_sc_well7D_S100	WGAX	EnviBac	sc	well7D	S100	environmental	environmental__WGAX__EnviBac__sc	No	No	No	k__Bacteria;p__Actinobacteria;c__Actinobacteria;o__Actinomycetales;f__Microbacteriaceae;unresolved	Bacteria	Actinobacteria	Actinobacteria	Actinomycetales	Microbacteriaceae	-	-	Low	1e+06	109886	10.53	0	2	890114	0.890114	890114	0.890114	109886	0.109886	115	249073	249073	49.76	11	8375	49	49	639	17208	0	0	0	0.49435	0.05221	61.8323784593271	27	25	185065	185065	8	9782	8	9782	19	4283	19	4283	16808	0	0	0.4948	NA	NA	NA	NA	NA	NA	NA	NA	NA	NA	NA	NA	NA	NA	NA	NA	NA	NA	NA	NA	NA	NA	3625888
scBac_WGAX_EnviBac_sc_well8E_S101	WGAX	EnviBac	sc	well8E	S101	environmental	environmental__WGAX__EnviBac__sc	No	No	No	NA;unresolved	-	-	-	-	-	-	-	Low	1e+06	130404	8.33	0	2	869596	0.869596	869596	0.869596	130404	0.130403999999999	84	190068	190068	54.15	10	6124	37	37	855	24316	0	0	0	0.53047	0.08897	96.5533177599596	25	25	145514	145514	7	6395	7	6395	20	3123	20	3123	23916	0	0	0.54028	NA	NA	NA	NA	NA	NA	NA	NA	NA	NA	NA	NA	NA	NA	NA	NA	NA	NA	NA	NA	NA	NA	3355458
scBac_WGAX_EnviBac_sc_well9E_S102	WGAX	EnviBac	sc	well9E	S102	environmental	environmental__WGAX__EnviBac__sc	No	No	No	NA;unresolved	-	-	-	-	-	-	-	Low	1e+06	122318	0	0	2	877682	0.877682	877682	0.877682	122318	0.122318	438	479045	479045	54.4599999999999	23	3321	276	276	359	32722	0	0	0	0.52207	0.10514	36.2580342139047	31	29	248582	248582	5	15803	5	15803	20	3113	20	3113	32322	0	0	0.55247	NA	NA	NA	NA	NA	NA	NA	NA	NA	NA	NA	NA	NA	NA	NA	NA	NA	NA	NA	NA	NA	NA	3078420
scBac_WGAX_Pputida_10cells_well2D_S34	WGAX	Pputida	10cells	well2D	S34	isolate	isolate__WGAX__Pputida__10cells	Yes	No	Yes	k__Bacteria;p__Proteobacteria;c__Gammaproteobacteria;o__Pseudomonadales;f__Pseudomonadaceae;g__Pseudomonas;s__Pseudomonas_putida;unresolved	Bacteria	Proteobacteria	Gammaproteobacteria	Pseudomonadales	Pseudomonadaceae	Pseudomonas	Pseudomonas_putida	Low	1e+06	361254	10.04	0.03	12	638746	0.638746	638746	0.638746	361254	0.361253999999999	2704	2456635	2456635	56.845	144	1748	1835	1835	322	99025	5	352813	14.362	0.56577	0.0739	20.9111056384037	107	94	1089681	1089681	11	28231	11	28231	54	3589	54	3589	98625	5	350813	0.55629	2657	332	28	5	2457195	1482918	352813	894	99025	1862332	6202963	56.1	17	102181	439298	22.852	1.002	30.07	36.04	3.17	98922	1420672	13392226
scBac_WGAX_Pputida_10cells_well2E_S35	WGAX	Pputida	10cells	well2E	S35	isolate	isolate__WGAX__Pputida__10cells	No	Yes	Yes	k__Bacteria;p__Proteobacteria;c__Gammaproteobacteria;o__Pseudomonadales;f__Pseudomonadaceae;g__Pseudomonas;s__Pseudomonas_putida;unresolved	Bacteria	Proteobacteria	Gammaproteobacteria	Pseudomonadales	Pseudomonadaceae	Pseudomonas	Pseudomonas_putida	Low	1e+06	323322	7.91	0	13	676678	0.676678	676678	0.676678	323322	0.323322	1860	1882341	1882341	59.36	64	2804	1203	1203	337	113853	4	377770	20.069	0.59053	0.04635	24.4635281280065	88	78	947530	947530	7	29991	7	29991	43	3706	43	3706	113453	4	376170	0.56993	1825	227	22	4	1882691	1201793	378503	640	113853	1480291	6202963	58.37	22	58106	0	23.796	1.001	23.64	40	4.94	113853	1477614	12654980
scBac_WGAX_Pputida_10cells_well2F_S36	WGAX	Pputida	10cells	well2F	S36	isolate	isolate__WGAX__Pputida__10cells	No	No	Yes	k__Bacteria;p__Proteobacteria;c__Gammaproteobacteria;o__Pseudomonadales;f__Pseudomonadaceae;g__Pseudomonas;s__Pseudomonas_putida;unresolved	Bacteria	Proteobacteria	Gammaproteobacteria	Pseudomonadales	Pseudomonadaceae	Pseudomonas	Pseudomonas_putida	Low	1e+06	333382	9.36	0.01	12	666618	0.666618	666618	0.666617999999999	333382	0.333381999999999	1505	1794268	1794268	59.16	35	7602	883	883	351	102181	4	351843	19.609	0.58963	0.04627	26.4020714854191	91	76	1038034	1038034	9	30983	9	30983	44	4490	44	4490	101781	4	350243	0.57356	1455	197	25	4	1794860	1274890	361920	489	103291	1472124	6202963	58.33	18	27853	0	23.677	1.001	46.19	31.57	5.37	103291	1469957	12599272
scBac_WGAX_Pputida_10cells_well2G_S37	WGAX	Pputida	10cells	well2G	S37	isolate	isolate__WGAX__Pputida__10cells	No	No	Yes	k__Bacteria;p__Proteobacteria;c__Gammaproteobacteria;o__Pseudomonadales;f__Pseudomonadaceae;g__Pseudomonas;s__Pseudomonas_putida;unresolved	Bacteria	Proteobacteria	Gammaproteobacteria	Pseudomonadales	Pseudomonadaceae	Pseudomonas	Pseudomonas_putida	Low	1e+06	383154	9.11	0	12	616846	0.616846	616846	0.616846	383154	0.383154	1761	1884298	1884298	59.46	50	3651	1117	1117	347	95426	4	317906	16.871	0.59172	0.04551	28.4647608817713	85	79	999254	999254	10	27361	10	27361	44	4310	44	4310	95026	4	316306	0.57204	1730	201	26	6	1884610	1223927	432204	634	95426	1512531	6202963	58.54	21	46938	0	24.297	1.002	26.45	36.21	4.37	95426	1510457	19566334
scBac_WGAX_Pputida_sc_well3D_S38	WGAX	Pputida	sc	well3D	S38	isolate	isolate__WGAX__Pputida__sc	No	No	Yes	k__Bacteria;p__Proteobacteria;c__Gammaproteobacteria;o__Pseudomonadales;f__Pseudomonadaceae;g__Pseudomonas;s__Pseudomonas_putida;unresolved	Bacteria	Proteobacteria	Gammaproteobacteria	Pseudomonadales	Pseudomonadaceae	Pseudomonas	Pseudomonas_putida	Low	1e+06	298116	9.78	0	9	701884	0.701884	701884	0.701884	298116	0.298116	2000	1999003	1999003	59.7249999999999	113	2024	1307	1307	343	105903	6	436957	21.859	0.59395	0.04561	21.2065274539357	123	94	920973	920973	8	24161	8	24161	56	2987	56	2987	105503	6	434557	0.57228	1933	308	21	6	1999765	1294161	450154	758	117953	1601628	6202963	58.76	22	43607	0	25.715	1.001	53.07	44.95	6.76	117953	1597473	4044900
scBac_WGAX_Pputida_sc_well3F_S39	WGAX	Pputida	sc	well3F	S39	isolate	isolate__WGAX__Pputida__sc	No	Yes	Yes	k__Bacteria;p__Proteobacteria;c__Gammaproteobacteria;o__Pseudomonadales;f__Pseudomonadaceae;g__Pseudomonas;s__Pseudomonas_putida;unresolved	Bacteria	Proteobacteria	Gammaproteobacteria	Pseudomonadales	Pseudomonadaceae	Pseudomonas	Pseudomonas_putida	Low	1e+06	378004	14.83	0.09	15	621996	0.621996	621996	0.621996	378004	0.378004	1967	2332087	2332087	60.22	69	3896	1188	1188	375	121864	5	413033	17.711	0.59832	0.04547	23.0784460442513	127	111	1246452	1246452	11	22523	11	22523	64	4165	64	4165	121464	5	411033	0.58333	1915	316	31	5	2332609	1614426	413033	812	121864	1956468	6202963	59.41	37	122749	0	31.403	1.001	31.18	38.41	6.15	121864	1949791	4933680
scBac_WGAX_Pputida_sc_well3G_S40	WGAX	Pputida	sc	well3G	S40	isolate	isolate__WGAX__Pputida__sc	No	No	Yes	k__Bacteria;p__Proteobacteria;c__Gammaproteobacteria;o__Pseudomonadales;f__Pseudomonadaceae;g__Pseudomonas;s__Pseudomonas_putida;unresolved	Bacteria	Proteobacteria	Gammaproteobacteria	Pseudomonadales	Pseudomonadaceae	Pseudomonas	Pseudomonas_putida	Low	1e+06	322370	9.37	0	7	677630	0.67763	677630	0.67763	322370	0.32237	1459	1596308	1596308	58.765	45	2961	920	920	359	99005	3	238758	14.957	0.59143	0.04736	28.6503494313127	71	60	815923	815923	8	33143	8	33143	31	4281	31	4281	98605	3	237558	0.57158	1424	183	20	3	1596928	1033172	239210	585	99457	1310630	6202963	58.56	23	90558	0	21.061	1.001	47.31	43.96	6.88	99457	1308115	6095784
scBac_WGAX_Pputida_sc_well3H_S41	WGAX	Pputida	sc	well3H	S41	isolate	isolate__WGAX__Pputida__sc	Yes	Yes	Yes	NA;unresolved	-	-	-	-	-	-	-	Low	1e+06	186808	4.17	0	5	813192	0.813192	813192	0.813192	186808	0.186807999999999	535	631168	631168	57.44	10	12734	313	313	336	83311	2	151814	24.053	0.56712	0.0662	41.2314946258365	38	23	366178	366178	3	44648	3	44648	12	4558	12	4558	82911	2	151014	0.55317	493	72	10	2	632050	454592	152527	177	83311	529200	6202963	56.22	7	37868	3398	8.464	1	166.67	52.95	14.48	83311	525038	3889124
scBac_WGAX_only_plateCulturedBacwell10C_S52	WGAX	Reagent_only	Reagent_only	well10C	S52	isolate	isolate__WGAX__Reagent_only__Reagent_only	NA	NA	NA	NA	NA	NA	NA	NA	NA	NA	NA	NA	162370	32222	NA	NA	NA	NA	NA	NA	NA	NA	NA	588	117921	117921	0	198	184	471	471	109	1795	0	0	0	0.36419	0.06001	37.2299251193595	0	0	0	0	0	0	0	0	0	0	0	0	0	0	0	0	NA	NA	NA	NA	NA	NA	NA	NA	NA	NA	NA	NA	NA	NA	NA	NA	NA	NA	NA	NA	NA	NA	3607968
scBac_WGAX_only_plateCulturedBacwell10H_S53	WGAX	Reagent_only	Reagent_only	well10H	S53	isolate	isolate__WGAX__Reagent_only__Reagent_only	NA	NA	NA	NA	NA	NA	NA	NA	NA	NA	NA	NA	103302	31632	NA	NA	NA	NA	NA	NA	NA	NA	NA	565	123771	123771	0	176	185	444	444	111	2230	0	0	0	0.36027	0.06743	34.5947112005235	0	0	0	0	0	0	0	0	0	0	0	0	0	0	0	0	NA	NA	NA	NA	NA	NA	NA	NA	NA	NA	NA	NA	NA	NA	NA	NA	NA	NA	NA	NA	NA	NA	3470922
scBac_WGAX_only_plateCulturedBacwell9B_S50	WGAX	Reagent_only	Reagent_only	well9B	S50	isolate	isolate__WGAX__Reagent_only__Reagent_only	Yes	Yes	Yes	k__Bacteria;p__Proteobacteria;c__Gammaproteobacteria;o__Enterobacteriales;f__Enterobacteriaceae;g__Shigella;s__Shigella_flexneri	Bacteria	Proteobacteria	Gammaproteobacteria	Enterobacteriales	Enterobacteriaceae	Shigella	Shigella_flexneri	Low	1e+06	105158	16.46	0	7	894842	0.894842	894842	0.894842	105158	0.105157999999999	1355	1441232	1441232	49.955	90	2204	868	868	361	57338	1	57338	3.978	0.50078	0.05792	10.3289838138481	89	78	662321	662321	10	20166	10	20166	51	2899	51	2899	56938	1	56938	0.49356	NA	NA	NA	NA	NA	NA	NA	NA	NA	NA	NA	NA	NA	NA	NA	NA	NA	NA	NA	NA	NA	NA	3608364
scBac_WGAX_only_plateCulturedBacwell9D_S51	WGAX	Reagent_only	Reagent_only	well9D	S51	isolate	isolate__WGAX__Reagent_only__Reagent_only	Yes	Yes	Yes	NA;unresolved	-	-	-	-	-	-	-	Low	578090	148516	0	0	3	429574	0.743091906104585	429574	0.743091906104585	148516	0.256908093895414	2671	1392014	1392014	48.9499999999999	248	872	1729	1729	184	55478	1	55478	3.985	0.48044	0.09045	14.2267304782854	68	57	421215	421215	9	12671	9	12671	41	2865	41	2865	55078	1	55078	0.49441	NA	NA	NA	NA	NA	NA	NA	NA	NA	NA	NA	NA	NA	NA	NA	NA	NA	NA	NA	NA	NA	NA	8210136
scBac_WGAX_only_plateEnviBacwell11D_S103	WGAX	Reagent_only	Reagent_only	well11D	S103	environmental	environmental__WGAX__Reagent_only__Reagent_only	No	No	No	NA;unresolved	-	-	-	-	-	-	-	Low	732888	65592	0	0	0	667296	0.910502013950289	667296	0.910502013950289	65592	0.0894979860497101	713	178944	178944	41.49	145	252	548	548	123	5304	0	0	0	0.38998	0.07187	50.4216738197424	3	3	11084	11084	2	3196	2	3196	3	2984	3	2984	4904	0	0	0.44073	NA	NA	NA	NA	NA	NA	NA	NA	NA	NA	NA	NA	NA	NA	NA	NA	NA	NA	NA	NA	NA	NA	3617074
scBac_WGAX_only_plateEnviBacwell11F_S104	WGAX	Reagent_only	Reagent_only	well11F	S104	environmental	environmental__WGAX__Reagent_only__Reagent_only	No	No	No	NA;unresolved	-	-	-	-	-	-	-	Low	180744	65534	0	0	0	115210	0.637420882574248	115210	0.637420882574248	65534	0.362579117425751	591	196453	196453	47.33	79	542	421	421	143	8581	0	0	0	0.39125	0.07392	45.5887565982703	5	5	20298	20298	2	4050	2	4050	5	2284	5	2284	8181	0	0	0.41551	NA	NA	NA	NA	NA	NA	NA	NA	NA	NA	NA	NA	NA	NA	NA	NA	NA	NA	NA	NA	NA	NA	4271488
scBac_WGAX_only_plateEnviBacwell12D_S105	WGAX	Reagent_only	Reagent_only	well12D	S105	environmental	environmental__WGAX__Reagent_only__Reagent_only	No	No	No	NA;unresolved	-	-	-	-	-	-	-	Low	102844	44484	0	0	0	58360	0.56746139784528	58360	0.56746139784528	44484	0.432538602154719	847	165073	165073	44.1449999999999	283	184	684	684	109	3587	0	0	0	0.38456	0.06955	36.5615212663488	2	2	5800	5800	1	3187	1	3187	2	2613	2	2613	3187	0	0	0.44586	NA	NA	NA	NA	NA	NA	NA	NA	NA	NA	NA	NA	NA	NA	NA	NA	NA	NA	NA	NA	NA	NA	3343740
scBac_WGAX_only_plateEnviBacwell12E_S106	WGAX	Reagent_only	Reagent_only	well12E	S106	environmental	environmental__WGAX__Reagent_only__Reagent_only	No	No	No	NA;unresolved	-	-	-	-	-	-	-	Low	746408	69056	0	0	1	677352	0.907482234917096	677352	0.907482234917096	69056	0.0925177650829037	545	187664	187664	41.07	78	527	386	386	176	7193	0	0	0	0.40106	0.06401	50.2431579844829	9	9	30355	30355	4	3804	4	3804	8	2178	8	2178	6793	0	0	0.42477	NA	NA	NA	NA	NA	NA	NA	NA	NA	NA	NA	NA	NA	NA	NA	NA	NA	NA	NA	NA	NA	NA	6655544
scBac_Watchmaker_Bsubtilis_sc_well7C_S32	Watchmaker	Bsubtilis	sc	well7C	S32	isolate	isolate__Watchmaker__Bsubtilis__sc	Yes	No	Yes	k__Bacteria;p__Firmicutes;c__Bacilli;o__Bacillales;f__Bacillaceae;g__Bacillus;s__Bacillus_subtilis;unresolved	Bacteria	Firmicutes	Bacilli	Bacillales	Bacillaceae	Bacillus	Bacillus_subtilis	Low	1e+06	711696	49.29	0.12	17	288304	0.288304	288304	0.288304	711696	0.711696	874	2598473	2598473	43.71	22	32657	255	255	821	112664	11	893829	34.398	0.43474	0.05325	38.7430664086176	112	102	2093285	2093285	15	39986	15	39986	53	10003	53	10003	112264	11	889429	0.43567	856	216	53	11	2598743	2312433	893829	412	112664	2445311	4214385	43.52	42	282773	0	57.899	1.001	11.04	13.43	13.22	112205	2442591	3193314
scBac_Watchmaker_Bsubtilis_sc_well7H_S33	Watchmaker	Bsubtilis	sc	well7H	S33	isolate	isolate__Watchmaker__Bsubtilis__sc	Yes	No	Yes	k__Bacteria;p__Firmicutes;c__Bacilli;o__Bacillales;f__Bacillaceae;g__Bacillus;s__Bacillus_subtilis;unresolved	Bacteria	Firmicutes	Bacilli	Bacillales	Bacillaceae	Bacillus	Bacillus_subtilis	Medium	1e+06	907080	55.52	0	20	92920	0.09292	92920	0.09292	907080	0.90708	1011	3546076	3546076	43.8	25	43320	276	276	1025	139673	19	1491181	42.052	0.43423	0.05113	36.2549364424225	146	136	2928879	2928879	19	49720	19	49720	67	11145	67	11145	139273	18	1433861	0.43611	988	277	69	19	3546306	3204851	1494198	539	139673	3389760	4214385	43.47	55	349911	0	80.242	1.001	6.79	12.37	12.85	139673	3386404	2599892
scBac_Watchmaker_Ecoli_sc_well6A_S28	Watchmaker	Ecoli	sc	well6A	S28	isolate	isolate__Watchmaker__Ecoli__sc	Yes	No	Yes	k__Bacteria;p__Proteobacteria;c__Gammaproteobacteria;o__Enterobacteriales;f__Enterobacteriaceae;g__Escherichia;s__Escherichia_coli	Bacteria	Proteobacteria	Gammaproteobacteria	Enterobacteriales	Enterobacteriaceae	Escherichia	Escherichia_coli	Low	1e+06	909386	78.45	20.5	19	90614	0.090614	90614	0.0906139999999999	909386	0.909386	4236	6136810	6136810	52	83	13132	2279	2279	414	176577	14	1202577	19.596	0.54046	0.07101	21.0921038780734	279	262	3803007	3803007	32	33503	32	33503	133	4989	133	4989	176177	14	1196977	0.51952	4181	715	93	14	6137513	4598678	1215104	1767	176577	5312526	4636831	53.3	38	378335	1770693	76.239	1.001	15.44	12.43	2.46	176577	3538593	3209374
scBac_Watchmaker_Ecoli_sc_well6C_S29	Watchmaker	Ecoli	sc	well6C	S29	isolate	isolate__Watchmaker__Ecoli__sc	No	Yes	Yes	k__Bacteria;p__Proteobacteria;c__Gammaproteobacteria;o__Enterobacteriales;f__Enterobacteriaceae;g__Escherichia;s__Escherichia_coli	Bacteria	Proteobacteria	Gammaproteobacteria	Enterobacteriales	Enterobacteriaceae	Escherichia	Escherichia_coli	Low	1e+06	863070	43.1	0	19	136930	0.13693	136930	0.13693	863070	0.86307	1230	3281549	3281549	50.59	25	38990	428	428	733	144197	14	1187906	36.2	0.50595	0.05333	37.4256553840884	141	121	2538760	2538760	16	47749	16	47749	57	8154	57	8154	143797	14	1182306	0.50579	1179	294	50	15	3282335	2862887	1282479	608	144197	3082099	4636831	50.58	48	503602	5639	66.217	1.001	28.23	13.73	3.03	125027	3073793	3367044
scBac_Watchmaker_Ecoli_sc_well6E_S30	Watchmaker	Ecoli	sc	well6E	S30	isolate	isolate__Watchmaker__Ecoli__sc	No	No	Yes	k__Bacteria;p__Proteobacteria;c__Gammaproteobacteria;o__Enterobacteriales;f__Enterobacteriaceae;g__Escherichia;s__Escherichia_coli	Bacteria	Proteobacteria	Gammaproteobacteria	Enterobacteriales	Enterobacteriaceae	Escherichia	Escherichia_coli	Medium	1e+06	901902	65.41	0.1	21	98098	0.098098	98098	0.098098	901902	0.901902	1107	3843628	3843628	50.89	22	46670	322	322	1046	164195	21	1882968	48.989	0.50669	0.05067	33.3163859769988	181	152	3146947	3146947	16	60550	16	60550	66	8234	66	8234	163795	20	1824884	0.50599	1053	329	63	21	3844352	3499118	1893381	596	164195	3685497	4636831	50.64	27	222383	2275	79.327	1.001	22.11	11.25	2.72	164146	3680796	3491600
scBac_Watchmaker_Ecoli_sc_well6H_S31	Watchmaker	Ecoli	sc	well6H	S31	isolate	isolate__Watchmaker__Ecoli__sc	No	No	Yes	k__Bacteria;p__Proteobacteria;c__Gammaproteobacteria;o__Enterobacteriales;f__Enterobacteriaceae;g__Escherichia;s__Escherichia_coli	Bacteria	Proteobacteria	Gammaproteobacteria	Enterobacteriales	Enterobacteriaceae	Escherichia	Escherichia_coli	Medium	1e+06	850946	65.14	0.15	19	149054	0.149054	149054	0.149054	850946	0.850946	1221	3696763	3696763	50.895	32	31344	407	407	860	165533	14	1203552	32.557	0.50701	0.05436	32.7322124788632	180	162	2926725	2926725	21	39198	21	39198	82	6735	82	6735	165133	14	1197952	0.50629	1182	344	64	16	3697661	3292161	1412973	671	278454	3518174	4636831	50.69	27	115625	3735	75.644	1.001	28.99	12.48	2.74	277139	3509893	3287886
scBac_Watchmaker_EnviBac_10cells_well2B_S72	Watchmaker	EnviBac	10cells	well2B	S72	environmental	environmental__Watchmaker__EnviBac__10cells	Yes	Yes	Yes	k__Bacteria;p__Bacteroidetes;c__Flavobacteriia;o__Flavobacteriales;f__Flavobacteriaceae;unresolved	Bacteria	Bacteroidetes	Flavobacteriia	Flavobacteriales	Flavobacteriaceae	-	-	Low	1e+06	699944	39.66	10.34	15	300056	0.300056	300056	0.300056	699944	0.699944	4914	5167231	5167231	47.94	279	2760	3161	3161	352	82734	3	197160	3.816	0.47541	0.07631	19.0031508171397	324	314	2549198	2549198	61	12543	61	12543	215	3390	215	3390	82334	3	195960	0.47405	NA	NA	NA	NA	NA	NA	NA	NA	NA	NA	NA	NA	NA	NA	NA	NA	NA	NA	NA	NA	NA	NA	13787520
scBac_Watchmaker_EnviBac_10cells_well2C_S73	Watchmaker	EnviBac	10cells	well2C	S73	environmental	environmental__Watchmaker__EnviBac__10cells	Yes	No	No	k__Bacteria;p__Verrucomicrobia;c__Verrucomicrobiae;o__Verrucomicrobiales;f__Verrucomicrobiaceae;unresolved	Bacteria	Verrucomicrobia	Verrucomicrobiae	Verrucomicrobiales	Verrucomicrobiaceae	-	-	Low	1e+06	783702	55.13	21.63	17	216298	0.216298	216298	0.216298	783702	0.783702	2696	4254710	4254710	47.685	73	11432	1357	1357	440	117599	11	775211	18.22	0.48972	0.08727	26.0404196760766	258	212	2766307	2766307	30	23863	30	23863	128	4968	128	4968	117199	11	770811	0.49449	NA	NA	NA	NA	NA	NA	NA	NA	NA	NA	NA	NA	NA	NA	NA	NA	NA	NA	NA	NA	NA	NA	15776834
scBac_Watchmaker_EnviBac_10cells_well2D_S74	Watchmaker	EnviBac	10cells	well2D	S74	environmental	environmental__Watchmaker__EnviBac__10cells	No	Yes	No	k__Bacteria;p__Proteobacteria;c__Alphaproteobacteria;o__Rhodobacterales;f__Rhodobacteraceae;f__;g__;s__	Bacteria	Proteobacteria	Alphaproteobacteria	Rhodobacterales	NA	NA	NA	Low	1e+06	549156	29.08	10.5	17	450844	0.450844	450844	0.450844	549156	0.549156	2294	2701487	2701487	46.535	138	3555	1391	1391	372	42294	0	0	0	0.47358	0.06864	28.7372243508852	232	200	1452704	1452704	41	11214	41	11214	141	3013	141	3013	41894	0	0	0.46803	NA	NA	NA	NA	NA	NA	NA	NA	NA	NA	NA	NA	NA	NA	NA	NA	NA	NA	NA	NA	NA	NA	15158198
scBac_Watchmaker_EnviBac_10cells_well2E_S75	Watchmaker	EnviBac	10cells	well2E	S75	environmental	environmental__Watchmaker__EnviBac__10cells	Yes	Yes	Yes	k__Bacteria;p__Proteobacteria;c__Gammaproteobacteria;o__Alteromonadales_3;f__Alteromonadaceae;g__Haliea	Bacteria	Proteobacteria	Gammaproteobacteria	Alteromonadales_3	Alteromonadaceae	Haliea	-	Low	1e+06	728506	58.43	12.91	17	271494	0.271494	271494	0.271494	728506	0.728506	1624	3108623	3108623	47.01	55	14554	728	728	524	103814	6	434590	13.98	0.4566	0.08895	33.2379551975263	193	170	2181504	2181504	28	20399	28	20399	102	5946	102	5946	103414	6	432190	0.45611	NA	NA	NA	NA	NA	NA	NA	NA	NA	NA	NA	NA	NA	NA	NA	NA	NA	NA	NA	NA	NA	NA	12076552
scBac_Watchmaker_EnviBac_10cells_well2F_S76	Watchmaker	EnviBac	10cells	well2F	S76	environmental	environmental__Watchmaker__EnviBac__10cells	Yes	Yes	Yes	k__Bacteria;p__Bacteroidetes;c__Sphingobacteriia;o__Sphingobacteriales;f__Saprospiraceae;g__Lewinella	Bacteria	Bacteroidetes	Sphingobacteriia	Sphingobacteriales	Saprospiraceae	Lewinella	-	Low	1e+06	584674	38.95	9.48	18	415326	0.415326	415326	0.415326	584674	0.584674	1856	2905830	2905830	39	67	9124	952	952	443	62107	3	170434	5.865	0.38623	0.05754	28.1669264891614	195	168	1866663	1866663	31	19755	31	19755	108	4635	108	4635	61707	3	169234	0.388	NA	NA	NA	NA	NA	NA	NA	NA	NA	NA	NA	NA	NA	NA	NA	NA	NA	NA	NA	NA	NA	NA	18713164
scBac_Watchmaker_EnviBac_10cells_well2G_S77	Watchmaker	EnviBac	10cells	well2G	S77	environmental	environmental__Watchmaker__EnviBac__10cells	Yes	Yes	Yes	k__Bacteria;p__Proteobacteria;c__Gammaproteobacteria;o__Alteromonadales_3;f__Alteromonadaceae;g__Haliea	Bacteria	Proteobacteria	Gammaproteobacteria	Alteromonadales_3	Alteromonadaceae	Haliea	-	Low	1e+06	379046	30.36	3.45	12	620954	0.620954	620954	0.620954	379046	0.379046	1030	1692016	1692016	46.305	49	10000	502	502	463	41413	0	0	0	0.46758	0.05861	31.6247009484543	147	116	1122671	1122671	25	14744	25	14744	78	4333	78	4333	41013	0	0	0.46652	NA	NA	NA	NA	NA	NA	NA	NA	NA	NA	NA	NA	NA	NA	NA	NA	NA	NA	NA	NA	NA	NA	12375342
scBac_Watchmaker_EnviBac_10cells_well2H_S78	Watchmaker	EnviBac	10cells	well2H	S78	environmental	environmental__Watchmaker__EnviBac__10cells	Yes	Yes	Yes	k__Bacteria;p__Bacteroidetes;unresolved	Bacteria	Bacteroidetes	-	-	-	-	-	Low	1e+06	592132	50	10.34	13	407868	0.407868	407868	0.407868	592132	0.592132	1478	2458616	2458616	44.19	88	7770	751	751	482	35405	0	0	0	0.43343	0.06987	34.1189449674125	215	197	1615524	1615524	47	11630	47	11630	138	3643	138	3643	35005	0	0	0.43276	NA	NA	NA	NA	NA	NA	NA	NA	NA	NA	NA	NA	NA	NA	NA	NA	NA	NA	NA	NA	NA	NA	13261356
scBac_Watchmaker_EnviBac_sc_well3B_S79	Watchmaker	EnviBac	sc	well3B	S79	environmental	environmental__Watchmaker__EnviBac__sc	Yes	Yes	Yes	k__Bacteria;p__Proteobacteria;c__Gammaproteobacteria;o__Oceanospirillales;f__Oceanospirillaceae;g__Marinobacterium;o__Alteromonadales;f__Alteromonadaceae;s__Marinobacterium_litorale	Bacteria	Proteobacteria	Gammaproteobacteria	Alteromonadales	Alteromonadaceae	Marinobacterium	Marinobacterium_litorale	Low	1e+06	351442	29.47	0	10	648558	0.648558	648558	0.648558	351442	0.351442	1617	1579340	1579340	51.62	96	2548	1056	1056	326	29535	0	0	0	0.49863	0.0688	31.336150543898	104	101	762875	762875	25	9699	25	9699	72	3525	72	3525	29135	0	0	0.51062	NA	NA	NA	NA	NA	NA	NA	NA	NA	NA	NA	NA	NA	NA	NA	NA	NA	NA	NA	NA	NA	NA	4967286
scBac_Watchmaker_EnviBac_sc_well3C_S80	Watchmaker	EnviBac	sc	well3C	S80	environmental	environmental__Watchmaker__EnviBac__sc	Yes	Yes	Yes	NA;unresolved	-	-	-	-	-	-	-	Low	1e+06	328260	8.33	0	12	671740	0.67174	671740	0.67174	328260	0.32826	547	933996	933996	51.73	38	7306	271	271	503	28309	0	0	0	0.50987	0.05585	49.8300206853134	94	87	633384	633384	22	10325	22	10325	63	3404	63	3404	27909	0	0	0.51211	NA	NA	NA	NA	NA	NA	NA	NA	NA	NA	NA	NA	NA	NA	NA	NA	NA	NA	NA	NA	NA	NA	3063998
scBac_Watchmaker_EnviBac_sc_well4C_S81	Watchmaker	EnviBac	sc	well4C	S81	environmental	environmental__Watchmaker__EnviBac__sc	Yes	Yes	Yes	k__Bacteria;p__Bacteroidetes;c__Flavobacteriia;o__Flavobacteriales;unresolved	Bacteria	Bacteroidetes	Flavobacteriia	Flavobacteriales	-	-	-	Low	1e+06	257348	13.79	0	9	742652	0.742652	742652	0.742652	257348	0.257348	1206	1224752	1224752	47.5199999999999	74	2955	781	781	335	47810	0	0	0	0.49595	0.07832	29.4868871412334	91	84	607195	607195	20	8987	20	8987	61	3087	61	3087	47410	0	0	0.48417	NA	NA	NA	NA	NA	NA	NA	NA	NA	NA	NA	NA	NA	NA	NA	NA	NA	NA	NA	NA	NA	NA	3360790
scBac_Watchmaker_EnviBac_sc_well4D_S82	Watchmaker	EnviBac	sc	well4D	S82	environmental	environmental__Watchmaker__EnviBac__sc	Yes	No	No	k__Bacteria;p__Actinobacteria;c__Actinobacteria;o__Actinomycetales;f__Jiangellaceae;g__Jiangella;s__Jiangella_gansuensis	Bacteria	Actinobacteria	Actinobacteria	Actinomycetales	Jiangellaceae	Jiangella	Jiangella_gansuensis	Low	1e+06	264502	14.58	0	11	735498	0.735498	735498	0.735498	264502	0.264502	1056	1244042	1244042	62.07	34	5615	624	624	349	84919	4	246594	19.822	0.5771	0.09262	30.1014194054541	80	69	715246	715246	8	20904	8	20904	42	3535	42	3535	84519	4	244994	0.59519	NA	NA	NA	NA	NA	NA	NA	NA	NA	NA	NA	NA	NA	NA	NA	NA	NA	NA	NA	NA	NA	NA	3121646
scBac_Watchmaker_EnviBac_sc_well5A_S83	Watchmaker	EnviBac	sc	well5A	S83	environmental	environmental__Watchmaker__EnviBac__sc	Yes	No	No	k__Bacteria;p__Proteobacteria;c__Alphaproteobacteria;o__Rhodobacterales;f__Rhodobacteraceae;f__;g__;s__	Bacteria	Proteobacteria	Alphaproteobacteria	Rhodobacterales	NA	NA	NA	Low	1e+06	541370	40.63	0.3	10	458630	0.45863	458630	0.45863	541370	0.54137	505	1505342	1505342	51.95	16	23256	153	153	840	84983	7	447074	29.699	0.51573	0.05072	50.9461158992441	75	70	1214704	1214704	11	36553	11	36553	40	6231	40	6231	84583	7	444274	0.51553	NA	NA	NA	NA	NA	NA	NA	NA	NA	NA	NA	NA	NA	NA	NA	NA	NA	NA	NA	NA	NA	NA	3295748
scBac_Watchmaker_EnviBac_sc_well5E_S84	Watchmaker	EnviBac	sc	well5E	S84	environmental	environmental__Watchmaker__EnviBac__sc	No	Yes	Yes	k__Bacteria;p__Proteobacteria;c__Alphaproteobacteria;o__Rhodobacterales;f__Rhodobacteraceae;g__Oceanicola;s__	Bacteria	Proteobacteria	Alphaproteobacteria	Rhodobacterales	Rhodobacteraceae	Oceanicola	NA	Low	1e+06	256342	13.79	0	8	743658	0.743658	743658	0.743657999999999	256342	0.256341999999999	301	691327	691327	58.95	19	9642	124	124	691	44179	0	0	0	0.57388	0.07297	52.0767451582246	61	59	521211	521211	12	14455	12	14455	40	3723	40	3723	43779	0	0	0.57336	NA	NA	NA	NA	NA	NA	NA	NA	NA	NA	NA	NA	NA	NA	NA	NA	NA	NA	NA	NA	NA	NA	2891964
scBac_Watchmaker_EnviBac_sc_well6E_S85	Watchmaker	EnviBac	sc	well6E	S85	environmental	environmental__Watchmaker__EnviBac__sc	No	No	No	k__Bacteria;p__Proteobacteria;c__Alphaproteobacteria;o__Rhodobacterales;f__Rhodobacteraceae;f__;g__;s__	Bacteria	Proteobacteria	Alphaproteobacteria	Rhodobacterales	NA	NA	NA	Low	1e+06	303686	26.72	0	5	696314	0.696314	696314	0.696314	303686	0.303686	397	859185	859185	50.06	24	9447	170	170	648	43722	0	0	0	0.49224	0.05059	50.0457573165267	77	67	624544	624544	15	13267	15	13267	47	4248	47	4248	43322	0	0	0.4929	NA	NA	NA	NA	NA	NA	NA	NA	NA	NA	NA	NA	NA	NA	NA	NA	NA	NA	NA	NA	NA	NA	3172330
scBac_Watchmaker_EnviBac_sc_well7E_S86	Watchmaker	EnviBac	sc	well7E	S86	environmental	environmental__Watchmaker__EnviBac__sc	Yes	Yes	No	k__Bacteria;p__Bacteroidetes;c__Flavobacteriia;o__Flavobacteriales;unresolved	Bacteria	Bacteroidetes	Flavobacteriia	Flavobacteriales	-	-	-	Low	1e+06	355904	36.21	0	12	644096	0.644096	644096	0.644096	355904	0.355904	841	999176	999176	45.69	46	4649	507	507	363	22051	0	0	0	0.44225	0.05842	49.542829291336	72	71	557945	557945	18	11537	18	11537	52	3594	52	3594	21651	0	0	0.45053	NA	NA	NA	NA	NA	NA	NA	NA	NA	NA	NA	NA	NA	NA	NA	NA	NA	NA	NA	NA	NA	NA	3834080
scBac_Watchmaker_Pputida_10cells_well2B_S20	Watchmaker	Pputida	10cells	well2B	S20	isolate	isolate__Watchmaker__Pputida__10cells	No	No	Yes	k__Bacteria;p__Proteobacteria;c__Gammaproteobacteria;o__Pseudomonadales;f__Pseudomonadaceae;g__Pseudomonas;s__Pseudomonas_putida;unresolved	Bacteria	Proteobacteria	Gammaproteobacteria	Pseudomonadales	Pseudomonadaceae	Pseudomonas	Pseudomonas_putida	Low	1e+06	820104	73.28	22.41	20	179896	0.179896	179896	0.179895999999999	820104	0.820103999999999	6230	8258805	8258805	54.59	266	4154	3652	3652	419	130660	12	859829	10.411	0.55548	0.08432	14.1241954495838	500	449	4514359	4514359	55	22463	55	22463	277	3599	277	3599	130260	10	755320	0.55061	6103	1295	113	13	8260316	6017718	973379	2968	130660	7176515	6202963	55.49	57	139279	3394253	60.678	1.002	23.97	35.47	3.63	125298	3772010	13656494
scBac_Watchmaker_Pputida_10cells_well2E_S21	Watchmaker	Pputida	10cells	well2E	S21	isolate	isolate__Watchmaker__Pputida__10cells	No	No	Yes	k__Bacteria;p__Proteobacteria;c__Gammaproteobacteria;o__Pseudomonadales;f__Pseudomonadaceae;g__Pseudomonas;s__Pseudomonas_putida;unresolved	Bacteria	Proteobacteria	Gammaproteobacteria	Pseudomonadales	Pseudomonadaceae	Pseudomonas	Pseudomonas_putida	Low	1e+06	625628	37.55	0.46	20	374372	0.374372	374372	0.374372	625628	0.625628	2957	4501740	4501740	61.88	99	6071	1620	1620	466	165004	10	807791	17.944	0.61073	0.03732	19.7980962916561	294	247	2697085	2697085	27	27074	27	27074	145	3662	145	3662	164604	10	803791	0.60109	2850	656	65	10	4502898	3460941	863334	1451	165004	4015915	6202963	60.86	60	413203	1991	64.462	1.002	31.13	35.72	5.07	152025	4006251	13723112
scBac_Watchmaker_Pputida_10cells_well2F_S22	Watchmaker	Pputida	10cells	well2F	S22	isolate	isolate__Watchmaker__Pputida__10cells	No	No	Yes	k__Bacteria;p__Proteobacteria;c__Gammaproteobacteria;o__Pseudomonadales;f__Pseudomonadaceae;g__Pseudomonas;s__Pseudomonas_putida;unresolved	Bacteria	Proteobacteria	Gammaproteobacteria	Pseudomonadales	Pseudomonadaceae	Pseudomonas	Pseudomonas_putida	Low	1e+06	715242	47.49	0.37	17	284758	0.284758	284758	0.284757999999999	715242	0.715241999999999	2738	4827590	4827590	61.94	82	10072	1378	1378	518	127966	15	1085168	22.478	0.61163	0.03625	21.0729676712396	288	257	3118188	3118188	29	26485	29	26485	148	4285	148	4285	127566	14	1029526	0.60403	2646	658	79	16	4828687	3893277	1207225	1384	127966	4391475	6202963	61	52	356457	2162	70.497	1.002	27.1	29.49	4.36	127837	4381166	13898348
scBac_Watchmaker_Pputida_10cells_well2G_S23	Watchmaker	Pputida	10cells	well2G	S23	isolate	isolate__Watchmaker__Pputida__10cells	No	No	Yes	k__Bacteria;p__Proteobacteria;c__Gammaproteobacteria;o__Pseudomonadales;f__Pseudomonadaceae;g__Pseudomonas;s__Pseudomonas_putida;unresolved	Bacteria	Proteobacteria	Gammaproteobacteria	Pseudomonadales	Pseudomonadaceae	Pseudomonas	Pseudomonas_putida	Low	1e+06	677772	41.25	0.37	20	322228	0.322228	322228	0.322227999999999	677772	0.677772	2826	4575353	4575353	62.07	89	8482	1475	1475	474	115745	12	856822	18.727	0.61087	0.03769	21.1041373201149	305	250	2871035	2871035	28	28220	28	28220	148	4072	148	4072	115345	12	852022	0.60311	2710	643	73	14	4576703	3616732	1030424	1342	131145	4104143	6202963	60.93	40	164195	0	65.917	1.002	37.28	31.42	4.93	131145	4096712	13497530
scBac_Watchmaker_Pputida_sc_well3A_S24	Watchmaker	Pputida	sc	well3A	S24	isolate	isolate__Watchmaker__Pputida__sc	No	No	Yes	k__Bacteria;p__Proteobacteria;c__Gammaproteobacteria;o__Pseudomonadales;f__Pseudomonadaceae;g__Pseudomonas;s__Pseudomonas_putida;unresolved	Bacteria	Proteobacteria	Gammaproteobacteria	Pseudomonadales	Pseudomonadaceae	Pseudomonas	Pseudomonas_putida	Low	1e+06	643158	41.6	0.29	19	356842	0.356842	356842	0.356842	643158	0.643158	2162	4040108	4040108	61.94	62	10737	1007	1007	534	197352	7	680416	16.842	0.60954	0.04043	22.6683093620269	278	232	2734491	2734491	27	26501	27	26501	134	4021	134	4021	196952	7	677616	0.60389	2074	532	68	8	4041084	3339059	736192	1029	197352	3687344	6202963	60.8	33	91935	893	59.218	1.002	28.75	32.48	5.38	197352	3679430	3298352
scBac_Watchmaker_Pputida_sc_well3C_S25	Watchmaker	Pputida	sc	well3C	S25	isolate	isolate__Watchmaker__Pputida__sc	No	No	Yes	k__Bacteria;p__Proteobacteria;c__Gammaproteobacteria;o__Pseudomonadales;f__Pseudomonadaceae;g__Pseudomonas;s__Pseudomonas_putida;unresolved	Bacteria	Proteobacteria	Gammaproteobacteria	Pseudomonadales	Pseudomonadaceae	Pseudomonas	Pseudomonas_putida	Low	1e+06	540204	25	0	12	459796	0.459796	459796	0.459796	540204	0.540204	1761	2686856	2686856	61.735	47	10322	927	927	434	72953	6	377854	14.063	0.60468	0.04299	28.5835467177995	154	142	1703282	1703282	21	26258	21	26258	81	3953	81	3953	72553	6	375454	0.59675	1717	335	47	6	2687386	2066224	395951	772	77004	2364028	6202963	60.22	36	299625	0	37.974	1.002	22.42	31.87	4.15	72953	2359518	3696852
scBac_Watchmaker_Pputida_sc_well3D_S26	Watchmaker	Pputida	sc	well3D	S26	isolate	isolate__Watchmaker__Pputida__sc	No	Yes	Yes	k__Bacteria;p__Proteobacteria;c__Gammaproteobacteria;o__Pseudomonadales;f__Pseudomonadaceae;g__Pseudomonas;s__Pseudomonas_putida;unresolved	Bacteria	Proteobacteria	Gammaproteobacteria	Pseudomonadales	Pseudomonadaceae	Pseudomonas	Pseudomonas_putida	Low	1e+06	643878	28.72	0	16	356122	0.356122	356122	0.356122	643878	0.643878	1770	3012175	3012175	61.4449999999999	53	11994	871	871	467	71255	7	439228	14.582	0.60475	0.04111	30.41155510553	181	164	2004922	2004922	23	24010	23	24010	96	4348	96	4348	70855	7	436428	0.59685	1727	357	61	9	3012607	2393913	565650	775	84243	2683386	6202963	60.25	45	115954	2335	43.069	1.002	19.38	23.65	2.54	84243	2676360	3497964
scBac_Watchmaker_Pputida_sc_well3E_S27	Watchmaker	Pputida	sc	well3E	S27	isolate	isolate__Watchmaker__Pputida__sc	No	No	Yes	k__Bacteria;p__Proteobacteria;c__Gammaproteobacteria;o__Pseudomonadales;f__Pseudomonadaceae;g__Pseudomonas;s__Pseudomonas_putida;unresolved	Bacteria	Proteobacteria	Gammaproteobacteria	Pseudomonadales	Pseudomonadaceae	Pseudomonas	Pseudomonas_putida	Low	1e+06	545684	20.65	0.02	18	454316	0.454316	454316	0.454316	545684	0.545684	2278	2955919	2955919	61.39	54	8320	1320	1320	397	127344	7	573530	19.403	0.60621	0.04368	26.1856566435007	138	124	1690099	1690099	14	35017	14	35017	65	4371	65	4371	126944	7	570730	0.59536	2230	364	42	7	2956579	2122656	576123	933	127344	2508141	6202963	60.33	34	115238	1125	40.279	1.001	26.31	31.7	3.92	127236	2501638	4096734
